Festival,Year,Track,Title,Brand,Agency,Agency contributing,Award
Effie Argentina,2025,Accesorios para Vehiculos,No es lo mismo ser Shell que La Shell,Shell,Don by Havas,,Shortlist
Effie Argentina,2025,Accesorios para Vehiculos,Te Leo Messi,YPF,Mercado McCann,Virgen Films,Shortlist
Effie Argentina,2025,Alimentos,Helado helado,Helados Arcor,Vendaval Agency,,Shortlist
Effie Argentina,2025,Bajo presupuesto - Servicios,AQuA es mAs halloween,Parque de la Costa,TombrasNiAa,,Shortlist
Effie Argentina,2025,Bajo presupuesto - Servicios,Si te tocas hacelo bien,Pura Vida ONG,diPaola Argentina,,Shortlist
Effie Argentina,2025,Bebidas sin alcohol,Juntos en todas,Coca-Cola,Grey Argentina,,Shortlist
Effie Argentina,2025,Bebidas sin alcohol,Madres,7UP,Isla,Landia,Shortlist
Effie Argentina,2025,Bebidas sin alcohol,El código Dove,Dove,Droga5 SAo Paulo e Initiative Argentina,VML - Medialab,Shortlist
Effie Argentina,2025,Bebidas sin alcohol,El sexo reactiva la economAa,TulipAn,Zurda Agency,Retina,Shortlist
Effie Argentina,2025,Bebidas sin alcohol,Hidratando el algoritmo,CeraVe,Wild Fi,Publicis Argentina,Shortlist
Effie Argentina,2025,Branded Content,Quieren Rock,Quilmes,draftLine BUE,,Shortlist
Effie Argentina,2025,Branded Content,The Good Hacker,ICBC,VML,,Shortlist
Effie Argentina,2025,Customer experience,Manual de instrucciones,YPF,Mercado McCann,Virgen Films,Shortlist
Effie Argentina,2025,Customer experience,Full fandom pistacho,YPF,Ninch Communication Company,,Shortlist
Effie Argentina,2025,Customer experience,Mini rooms,Motorola,Newsan,Quiroga,Shortlist
Effie Argentina,2025,Customer experience,Toda tu piel importa,Dove,VML e Initiative Argentina,Mercado ads - Medialab,Shortlist
Effie Argentina,2025,Engaged community,Alfajor Secreto,Grido,Lanzallamas,,Shortlist
Effie Argentina,2025,Engaged community,Calles BA Trap,Mercado Libre,Gut,The Movement By Landia - UM Mediabrands,Shortlist
Effie Argentina,2025,Engaged community,CamiA3n dorado,YPF,Isla,Rebolucion,Shortlist
Effie Argentina,2025,Engaged community,RAD mototemAticos,YPF,Zurda Agency,Sentidos - Argentina Cine,Shortlist
Effie Argentina,2025,Engaged community,Todos los cuerpos son de verano,Dove,VML y Media Lab Agency,Initiative Argentina,Shortlist
Effie Argentina,2025,Axito Sostenido,Conectar con responsabilidad,Movistar,VML,Havas Plus,Shortlist
Effie Argentina,2025,Axito Sostenido,ICBC El poder de una marca que dice SA,ICBC,Don by Havas,VML,Shortlist
Effie Argentina,2025,Axito Sostenido,Mi paAs mi plata mi plataforma,Mercado Pago,Gut,UM Mediabrands,Shortlist
Effie Argentina,2025,Axito Sostenido,Tierras - Axito sostenido,ICBC,Centralia Media Content,Paramount Argentina,Shortlist
Effie Argentina,2025,Axito Sostenido,ManA lord of the king,ManA King,Infinity Media,MAS Investigación,Shortlist
Effie Argentina,2025,Axito Sostenido,Boxed ads,Mercado Libre,Gut,UM Mediabrands,Shortlist
Effie Argentina,2025,Axito Sostenido,El Juego del Calamar 2,Netflix,Febrero,Dentsu Argentina,Shortlist
Effie Argentina,2025,Axito Sostenido,El poder de la dulzura,Axe,Catch e Initiative,Amaze,Shortlist
Effie Argentina,2025,Axito Sostenido,Mundial de clubes,Quilmes,draftLine BUE,,Shortlist
Effie Argentina,2025,Impacto positivo - Concientización y educación sobre enfermedades,LudopatAa digital,Movistar,VML,Faro Digital - Havas Plus,Shortlist
Effie Argentina,2025,Impacto positivo - Concientización y educación sobre enfermedades,Toda tu piel importa,Dove,VML e Initiative Argentina,Mercado ads - Medialab,Shortlist
Effie Argentina,2025,Impacto positivo - Concientización y educación sobre enfermedades,Todos los cuerpos son de verano,Dove,VML y Media Lab Agency,Initiative Argentina,Shortlist
Effie Argentina,2025,Impacto positivo - Concientización y educación sobre enfermedades,Vacaciones sin chicos,Missing Children Argentina,di Paola Latina,,Shortlist
Effie Argentina,2025,Impacto positivo - Concientización y educación sobre enfermedades,Undeleted,Dove,VML y Media Lab Agency,Bien Buenos Aires - Initiative Argentina - MamA HAongara,Shortlist
Effie Argentina,2025,Impacto positivo - Concientización y educación sobre enfermedades,2minutos4segundos,Villavicencio Aguas de Origen,Digitas,Havas Argentina - Ninch Communication Company,Shortlist
Effie Argentina,2025,Impacto positivo - Concientización y educación sobre enfermedades,El código Dove,Dove,Droga5 SAo Paulo e Initiative Argentina,VML - Medialab,Shortlist
Effie Argentina,2025,Impacto positivo - Concientización y educación sobre enfermedades,IgnorA responsablemente,Movistar,VML,Havas Plus - Creando Conciencia,Shortlist
Effie Argentina,2025,Impacto positivo - Concientización y educación sobre enfermedades,The good hacker,ICBC,VML,,Shortlist
Effie Argentina,2025,Influencer marketing,Undeleted,Dove,VML y Media Lab Agency,Bien Buenos Aires - Initiative Argentina - MamA HAongara,Shortlist
Effie Argentina,2025,Influencer marketing,Cambia que algo bueno va a pasar,Pepsi,Zurda Agency,Rebolucion,Shortlist
Effie Argentina,2025,Influencer marketing,El palito viral,Grido,Winclap,,Shortlist
Effie Argentina,2025,Influencer marketing,Fan Wedding,Heineken,Ninch Communication Company y Publicis Buenos Aires,,Shortlist
Effie Argentina,2025,Influencer marketing,Fanatismo por Wos en el Kidzpalooza,Flow,Telecom Argentina,,Shortlist
Effie Argentina,2025,Influencer marketing,Hidratando el algorAtmo,CeraVe,Wild Fi,Publicis Argentina,Shortlist
Effie Argentina,2025,Influencer marketing,MamA Lucchetti de celebridad a influencer,Lucchetti,La America,,Shortlist
Effie Argentina,2025,Influencer marketing,Manual de instrucciones,YPF,Mercado McCann,Virgen Films,Shortlist
Effie Argentina,2025,Influencer marketing,Quieren rock,Quilmes,draftLine BUE,,Shortlist
Effie Argentina,2025,Influencer marketing,Verificado por verificados,Movistar,VML,Havas Plus,Shortlist
Effie Argentina,2025,Influencer marketing,Vuelve Franco volvimos todos,Mercado Libre,Gut,Rebolucion - UM Mediabrands,Shortlist
Effie Argentina,2025,Influencer marketing,Yendo X Franco,Uber,OMD,Wieden Kennedy,Shortlist
Effie Argentina,2025,Influencer marketing,YPF team radio,YPF,David Buenos Aires,,Shortlist
Effie Argentina,2025,Integración estratAgica de marcas,El sexo reactiva la economAa,TulipAn,Zurda Agency,Retina,Shortlist
Effie Argentina,2025,Integración estratAgica de marcas,Franco delivered,Mercado Libre,Gut,Rebolucion - UM Mediabrands,Shortlist
Effie Argentina,2025,Integración estratAgica de marcas,Franco delivered,Mercado Libre,Gut,Rebolucion - UM Mediabrands,Shortlist
Effie Argentina,2025,Integración estratAgica de marcas,Mundial de clubes,Quilmes,draftLine BUE,,Shortlist
Effie Argentina,2025,Integración estratAgica de marcas,Palo x Palo,Naranja X,Becoming ModeNro 3 NAomero Tres,Plenty - Noroeste,Shortlist
Effie Argentina,2025,Integración estratAgica de marcas,El poder de la dulzura,Axe,Catch e Initiative,Amaze,Shortlist
Effie Argentina,2025,Integración estratAgica de marcas,Gatorade cool seats,Gatorade Genosha - Altro Sport,R - GA Media Group,,Shortlist
Effie Argentina,2025,Lanzamientos de nuevas marcas productos o servicios,El poder de la dulzura,Axe,Initiative Argentina y Catch,LOLA MullenLowe,Shortlist
Effie Argentina,2025,Lanzamientos de nuevas marcas productos o servicios,Mini rooms,Motorola,Newsan,Quiroga,Shortlist
Effie Argentina,2025,Lanzamientos de nuevas marcas productos o servicios,Mogul gelibeans Pedilas como quieras pero probalas,Arcor,VML,Zenith - Publicis Groupe - Kinesso - di Paola Latina,Shortlist
Effie Argentina,2025,Lanzamientos de nuevas marcas productos o servicios,Mogul gelibeans Pedilas como quieras pero probalas,los que not,Para los que entrenan y,,Shortlist
Effie Argentina,2025,Lanzamientos de nuevas marcas productos o servicios,Mogul gelibeans Pedilas como quieras pero probalas,NotCo,Zurda Agency,,Shortlist
Effie Argentina,2025,Lanzamientos de nuevas marcas productos o servicios,RAD mototemAticos,YPF,Zurda Agency,Sentidos - Argentina Cine,Shortlist
Effie Argentina,2025,Lanzamientos de nuevas marcas productos o servicios,RAD mototemAticos,el Hogar,Mantenimiento y Accesorios,,Shortlist
Effie Argentina,2025,Marketing de actualidad,Colapinta,Quilmes,draftLine BUE,,Shortlist
Effie Argentina,2025,Marketing de actualidad,Dólar Diarco,Diarco,BB agencia,Muchnik - Password,Shortlist
Effie Argentina,2025,Marketing de actualidad,El código Dove,Dove,Droga5 SAo Paulo e Initiative Argentina,VML - Medialab,Shortlist
Effie Argentina,2025,Marketing de actualidad,Gauchada Honda,Honda,AlmacAn y Human Connections Media,Roommate,Shortlist
Effie Argentina,2025,Marketing de actualidad,LudopatAa digital,Movistar,VML,Faro Digital - Havas Plus,Shortlist
Effie Argentina,2025,Marketing de actualidad,Vuelve Franco volvimos todos,Mercado Libre,Gut,Rebolucion - UM Mediabrands,Shortlist
Effie Argentina,2025,Marketing de actualidad,YacarA,Brahma,draftLine BUE,,Shortlist
Effie Argentina,2025,Marketing de actualidad,YPF team radio,YPF,David Buenos Aires,,Shortlist
Effie Argentina,2025,Marketing de actualidad,Undeleted,Dove,VML y Media Lab Agency,Bien Buenos Aires - Initiative Argentina - MamA HAongara,Shortlist
Effie Argentina,2025,Marketing de actualidad,CamiA3n dorado,YPF,Isla,Rebolucion,Shortlist
Effie Argentina,2025,Marketing de actualidad,Gatorade cool seats,Gatorade,R-GA Media Group,Genosha - Altro Sport,Shortlist
Effie Argentina,2025,Marketing de actualidad,Gauchada Honda,Honda,AlmacAn y Human Connections Media,Roommate,Shortlist
Effie Argentina,2025,Marketing de actualidad,El Aguila es Bandera,Fernet Branca,Super Agency,Ninch,Shortlist
Effie Argentina,2025,Marketing de actualidad,Mundial de clubes,Quilmes,draftLine BUE,,Shortlist
Effie Argentina,2025,Marketing de actualidad,Quilmes rock,Quilmes,draftLine BUE,La America Buenos Aires,Shortlist
Effie Argentina,2025,Marketing de actualidad,Todos los cuerpos son de verano,Dove,VML y Media Lab Agency,Initiative Argentina,Shortlist
Effie Argentina,2025,Marketing de actualidad,Tus vacaciones empiezan en YPF,YPF,Liebre,,Shortlist
Effie Argentina,2025,Marketing de actualidad,Undeleted,Dove,VML y Media Lab Agency,Bien Buenos Aires - Initiative Argentina - MamA HAongara,Shortlist
Effie Argentina,2025,Marketing de actualidad,Pagar con Visa desde el celu sin contacto garpa,Visa,Digitas Buenos Aires y Creactive Hub,Starcom Argentina - The Pub - Real Agency - Rebolucion,Shortlist
Effie Argentina,2025,Marketing de actualidad,CamiA3n dorado,YPF,Isla,Rebolucion,Shortlist
Effie Argentina,2025,Marketing de actualidad,Chapas rockeras,Quilmes,La AmArica,,Shortlist
Effie Argentina,2025,Marketing de actualidad,Cuando McDonalds retruca,McDonalds,TBWA Buenos Aires,Starcom - LATCOM - Publico Press Group - Nazer,Shortlist
Effie Argentina,2025,Marketing de actualidad,El sexo reactiva la economAa,TulipAn,Zurda Agency,Retina,Shortlist
Effie Argentina,2025,Marketing de actualidad,Gestito,Andes Origen,New London,Impero BA,Shortlist
Effie Argentina,2025,Marketing de actualidad,Manual de instrucciones,YPF,Mercado McCann,Virgen Films,Shortlist
Effie Argentina,2025,Marketing de actualidad,ShellBox como piloto del viaje a la nostalgia,Shell,Don by Havas,,Shortlist
Effie Argentina,2025,Marketing de actualidad,Te Leo Messi,YPF,Mercado McCann,Virgen Films,Shortlist
Effie Argentina,2025,Programa de Fidelización,Burga hack,YPF,Ninch Communication Company,,Shortlist
Effie Argentina,2025,Programa de Fidelización,ShellBox como piloto del viaje a la nostalgia,Shell,Don by Havas,,Shortlist
Effie Argentina,2025,Real Time Marketing,Colapinta,Quilmes,draftLine BUE,,Shortlist
Effie Argentina,2025,Real Time Marketing,Dólar Diarco,Diarco,BB agencia,Muchnik - Password,Shortlist
Effie Argentina,2025,Real Time Marketing,Vai comer 4 de novo - cambiando el sabor de una derrota por el de 4 stackers,,The Juju,,Shortlist
Effie Argentina,2025,Real Time Marketing,Vuelve Franco volvimos todos,Mercado Libre,Gut,Rebolucion - UM Mediabrands,Shortlist
Effie Argentina,2025,Reputación corporativa,Big-Bang,Mercado Libre,Gut,Rebolucion - UM Mediabrands,Shortlist
Effie Argentina,2025,Reputación corporativa,El momento de la verdad,OSDE,Zurda Agency,Argentina Cine - Quiroga Medios - DKS - Pulmon,Shortlist
Effie Argentina,2025,Reputación corporativa,Estoy acA,La SerenAsima ClAsico,VML,,Shortlist
Effie Argentina,2025,Reputación corporativa,Mini rooms,Motorola,Newsan,Quiroga,Shortlist
Effie Argentina,2025,Reputación corporativa,Cuando McDonalds retruca,McDonalds,TBWA Buenos Aires,Starcom - LATCOM - Publico Press Group - Nazer,Shortlist
Effie Argentina,2025,Reputación corporativa,McDonalds Tasty feat Cuarto,McDonalds,TBWA Buenos Aires,Starcom - LATCOM - Publico Press Group - Nazer,Shortlist
Effie Argentina,2025,Reputación corporativa,Dólar Diarco,Diarco,BB agencia,Muchnik - Password,Shortlist
Effie Argentina,2025,Reputación corporativa,Tus vacaciones empiezan en YPF,YPF,Liebre,,Shortlist
Effie Argentina,2025,Reputación corporativa,El momento de la verdad,OSDE,Zurda Agency,Argentina Cine - Quiroga Medios - DKS - Pulmon,Shortlist
Effie Argentina,2025,Reputación corporativa,Sin excusas,Medifé,Enero Comunicación,Comunicaciones Sudamericanas,Shortlist
Effie Argentina,2025,Servicios Financieros,De la razA3n al corazón el giro que cambiA3 el vAnculo de Santander con las Pymes,Santander,Don by Havas,,Shortlist
Effie Argentina,2025,Servicios Financieros,De palabra rara a opción obvia el prástamo prendario de Santander se volviA3 cultura,Santander,Don by Havas,,Shortlist
Effie Argentina,2025,Servicios Financieros,El fin de la discusiA3n paga el que tiene la de Santander,Santander,Don by Havas,,Shortlist
Effie Argentina,2025,Servicios Financieros,RatA3n PArez,Galicia,Mercado McCann,Welcome Content,Shortlist
Effie Argentina,2025,Servicios Financieros,Salva GalAn,Naranja X,Becoming ModeyNro3 NAomero Tres,Primo Content - Papamusic - Eddie Sierra,Shortlist
Effie Argentina,2025,Servicios Financieros,El momento de la verdad,OSDE,Zurda Agency,Argentina Cine - Quiroga Medios - DKS - Pulmon,Shortlist
Effie Argentina,2025,Social media,Full fandom pistacho,YPF,Ninch Communication Company,,Shortlist
Effie Argentina,2025,Social media,Hidratando el algoritmo,CeraVe,Wild Fi,Publicis Argentina,Shortlist
Effie Argentina,2025,Social media,Historias de reparación,Dove,VML Argentina e Iniciative Argentina,Paramount - Mercado ads - Medialab,Shortlist
Effie Argentina,2025,Social media,Mamá Lucchetti de celebridad a influencer,Lucchetti,La America,,Shortlist
Effie Argentina,2025,Soluciones de Innovación en Marketing,Boxed ads,Mercado Libre,Gut,UM Mediabrands,Shortlist
Effie Argentina,2025,Soluciones de Innovación en Marketing,Boxed ads,el break del laburante,MAs energAa,,Shortlist
Effie Argentina,2025,Soluciones de Innovación en Marketing,Boxed ads,Rockstar,Febrero,,Shortlist
Effie Argentina,2025,Soluciones de Innovación en Marketing,Mogul gelibeans Pedilas como quieras pero probalas,Arcor,VML,Zenith - Publicis Groupe - Kinesso - di Paola Latina,Shortlist
Effie Argentina,2025,Soluciones de Innovación en Marketing,Verificado por verificados,Movistar,VML,Havas Plus,Shortlist
Effie Argentina,2025,Soluciones de Innovación en Marketing,Wi-Fi Hogar,Personal,Gut,Argentina Cine,Shortlist
Effie Argentina,2025,VehAculos,Gauchada Honda,Honda,AlmacAn y Human Connections Media,Roommate,Shortlist
Effie Argentina,2025,VehAculos,Tornado,Honda,AlmacAn y Human Connections Media,Roommate,Shortlist
