Festival,Year,Track,Title,Brand,Agency,Category,Format,Award level,Board image
Gerety Awards,2025,AGENCY OF THE YEAR x COUNTRY,,,SERVICEPLAN GERMANY,GERMANY,,Gold,https://www.geretyawards.com/winners/2025/entry/186608/serviceplan-germany
Gerety Awards,2025,AGENCY OF THE YEAR x COUNTRY,,,Hakuhodo Inc,JAPAN,,Gold,https://www.geretyawards.com/winners/2025/entry/187317/hakuhodo-inc
Gerety Awards,2025,AGENCY OF THE YEAR x COUNTRY,,,MullenLowe MENA,MEA,,Gold,https://www.geretyawards.com/winners/2025/entry/186887/mullenlowe-mena
Gerety Awards,2025,AGENCY OF THE YEAR x COUNTRY,,,El Ruso de Rocky,SPAIN,,Gold,https://www.geretyawards.com/winners/2025/entry/185634/el-ruso-de-rocky
Gerety Awards,2025,B2B,Sleep With Rain,AT&T Business,WEST BBDO,,INTEGRATED,Gold,https://www.geretyawards.com/winners/2025/entry/187552/sleep-with-rain-at-t-business
Gerety Awards,2025,B2B,Thanks for Coke-Creating,Coca-Cola,VML,,INTEGRATED,Gold,https://www.geretyawards.com/winners/2025/entry/187103/thanks-for-coke-creating-coca-cola
Gerety Awards,2025,B2B,Trust Bars,Heineken,LePub Singapore,EMERGING COMMERCE,SINGLE,Silver,https://www.geretyawards.com/winners/2025/entry/187307/trust-bars-heineken
Gerety Awards,2025,B2B,Fantenders,Heineken,BBH China Ltd,ALTERNATIVE,SINGLE,Bronze,https://www.geretyawards.com/winners/2025/entry/186592/fantenders-heineken
Gerety Awards,2025,B2B,Unstoppable,SAP,BBDO New York,ONLINE VIDEO,CAMPAIGN,Bronze,https://www.geretyawards.com/winners/2025/entry/187551/unstoppable-sap
Gerety Awards,2025,B2B,DONT LOOK DOWN,FIXBY,MullenLowe MENA,TV/CINEMA,SINGLE,Shortlist,https://www.geretyawards.com/winners/2025/entry/186611/don-t-look-down-fixby
Gerety Awards,2025,B2B,P Is For Performance,Pinterest,Pinterest House of Creative,TV/CINEMA,CAMPAIGN,Shortlist,https://www.geretyawards.com/winners/2025/entry/187193/p-is-for-performance-pinterest
Gerety Awards,2025,B2B,The Authorized Hack A Prime-Time Tribute to Telefonicas Centenary,Telefonica,Havas Media,TV/CINEMA,SINGLE,Shortlist,https://www.geretyawards.com/winners/2025/entry/176355/the-authorized-hack-a-prime-time-tribute-to-telefonica-s-centenary-telefonica
Gerety Awards,2025,COMMUNICATION CUT ,PRICE PACKS,PENNY,SERVICEPLAN GERMANY,PRODUCT & PACKAGING DESIGN,SINGLE,Grand Prix,https://www.geretyawards.com/winners/2025/entry/178559/price-packs-penny
Gerety Awards,2025,COMMUNICATION CUT ,Its Part of the Game,Dirt is Good,MullenLowe UK,PRINT (PRESS),CAMPAIGN,Gold,https://www.geretyawards.com/winners/2025/entry/187511/it-s-part-of-the-game-dirt-is-good
Gerety Awards,2025,COMMUNICATION CUT ,Never Just A Period,Bodyform/Libresse,AMVBBDO,ONLINE VIDEO,SINGLE,Gold,https://www.geretyawards.com/winners/2025/entry/187592/never-just-a-period-bodyform-libresse
Gerety Awards,2025,COMMUNICATION CUT ,Returning Creativity,Crayola,Dentsu Creative New York,PR,SINGLE,Gold,https://www.geretyawards.com/winners/2025/entry/185966/returning-creativity-crayola
Gerety Awards,2025,COMMUNICATION CUT ,Dancing Washers,Whirlpool,VML Mexico,DIGITAL,SINGLE,Silver,https://www.geretyawards.com/winners/2025/entry/186480/dancing-washers-whirlpool
Gerety Awards,2025,COMMUNICATION CUT ,Dancing Washers,Whirlpool,VML Mexico,EMERGING COMMERCE,SINGLE,Silver,https://www.geretyawards.com/winners/2025/entry/186481/dancing-washers-whirlpool
Gerety Awards,2025,COMMUNICATION CUT ,Equal Communication,TERRE DES FEMMES,Scholz & Friends,RADIO,CAMPAIGN,Silver,https://www.geretyawards.com/winners/2025/entry/185945/equal-communication-terre-des-femmes
Gerety Awards,2025,COMMUNICATION CUT ,Good To Read Packs,Bennet,DDB Group Italy,PRODUCT & PACKAGING DESIGN,SINGLE,Silver,https://www.geretyawards.com/winners/2025/entry/185301/good-to-read-packs-bennet
Gerety Awards,2025,COMMUNICATION CUT ,Good To Read Packs,Bennet,DDB Group Italy,PR,SINGLE,Silver,https://www.geretyawards.com/winners/2025/entry/185841/good-to-read-packs-bennet
Gerety Awards,2025,COMMUNICATION CUT ,Its Part of the Game,Dirt is Good,MullenLowe UK,PRINT (OUTDOOR),CAMPAIGN,Silver,https://www.geretyawards.com/winners/2025/entry/187503/it-s-part-of-the-game-dirt-is-good
Gerety Awards,2025,COMMUNICATION CUT ,Progresso Soup Drops,Progresso,Edelman,PR,SINGLE,Silver,https://www.geretyawards.com/winners/2025/entry/187791/progresso-soup-drops-progresso
Gerety Awards,2025,COMMUNICATION CUT ,Thanks for Coke-Creating,Coca-Cola,VML,PRINT (OUTDOOR),CAMPAIGN,Silver,https://www.geretyawards.com/winners/2025/entry/187200/thanks-for-coke-creating-coca-cola
Gerety Awards,2025,COMMUNICATION CUT ,The Final Copy of Ilon Specht,LOrEal Paris,McCann Paris,,INTEGRATED,Silver,https://www.geretyawards.com/winners/2025/entry/187413/the-final-copy-of-ilon-specht-l-or-al-paris
Gerety Awards,2025,COMMUNICATION CUT ,The First Speech,Reporters Without Borders,INNOCEAN Berlin,TV/CINEMA,CAMPAIGN,Silver,https://www.geretyawards.com/winners/2025/entry/180449/the-first-speech-reporters-without-borders
Gerety Awards,2025,COMMUNICATION CUT ,Unsilence the Crowd,Sela,VML UK,ALTERNATIVE,CAMPAIGN,Silver,https://www.geretyawards.com/winners/2025/entry/180548/unsilence-the-crowd-sela
Gerety Awards,2025,COMMUNICATION CUT ,Unsilence the Violence,TERRE DES FEMMES,Scholz & Friends / 2030 Kommunikation,PRINT (OUTDOOR),CAMPAIGN,Silver,https://www.geretyawards.com/winners/2025/entry/177345/unsilence-the-violence-terre-des-femmes
Gerety Awards,2025,COMMUNICATION CUT ,Usyk Vs Fury Reignited,Riyadh Season,BigTime Creative Shop,ONLINE VIDEO,SINGLE,Silver,https://www.geretyawards.com/winners/2025/entry/176571/usyk-vs-fury-reignited-riyadh-season
Gerety Awards,2025,COMMUNICATION CUT ,Connecting Europe,German Rail,Ogilvy Germany,PRINT (OUTDOOR),CAMPAIGN,Bronze,https://www.geretyawards.com/winners/2025/entry/177077/connecting-europe-german-rail
Gerety Awards,2025,COMMUNICATION CUT ,Dont call it love,Yves Saint Laurent BeautE,BETC,ONLINE VIDEO,SINGLE,Bronze,https://www.geretyawards.com/winners/2025/entry/187269/don-t-call-it-love-yves-saint-laurent-beaut
Gerety Awards,2025,COMMUNICATION CUT ,Food Deserves Pepsi,Pepsi | PepsiCo,BBDO New York,,INTEGRATED,Bronze,https://www.geretyawards.com/winners/2025/entry/187555/food-deserves-pepsi-pepsi-pepsico
Gerety Awards,2025,COMMUNICATION CUT ,Its Part of the Game,Dirt is Good,MullenLowe UK,,INTEGRATED,Bronze,https://www.geretyawards.com/winners/2025/entry/187519/it-s-part-of-the-game-dirt-is-good
Gerety Awards,2025,COMMUNICATION CUT ,Made to Make You Think,BBC Studios,R/GA,STRATEGY,SINGLE,Bronze,https://www.geretyawards.com/winners/2025/entry/186965/made-to-make-you-think-bbc-studios
Gerety Awards,2025,COMMUNICATION CUT ,SFI IRL,Malm Stad,BBDO Nordics,PRINT (OUTDOOR),SINGLE,Bronze,https://www.geretyawards.com/winners/2025/entry/186279/sfi-irl-malm-stad
Gerety Awards,2025,COMMUNICATION CUT ,The Mayo Exchange,Hellmanns,Edelman,ALTERNATIVE,SINGLE,Bronze,https://www.geretyawards.com/winners/2025/entry/187076/the-mayo-exchange-hellmann-s
Gerety Awards,2025,COMMUNICATION CUT ,The Red Flag Tag,IKEA,DDB Group Italy,PR,SINGLE,Bronze,https://www.geretyawards.com/winners/2025/entry/185616/the-red-flag-tag-ikea
Gerety Awards,2025,COMMUNICATION CUT ,The Smootheriser,Heineken,LePub Singapore,PRODUCT & PACKAGING DESIGN,SINGLE,Bronze,https://www.geretyawards.com/winners/2025/entry/187316/the-smootheriser-heineken
Gerety Awards,2025,COMMUNICATION CUT ,The Unburied Casket,Woman For Change,Edelman,ALTERNATIVE,SINGLE,Bronze,https://www.geretyawards.com/winners/2025/entry/187531/the-unburied-casket-woman-for-change
Gerety Awards,2025,COMMUNICATION CUT ,The full picture,yeswecan!cer,Saatchi & Saatchi Germany,TV/CINEMA,CAMPAIGN,Bronze,https://www.geretyawards.com/winners/2025/entry/187345/the-full-picture-yeswecan-cer
Gerety Awards,2025,COMMUNICATION CUT ,Visit Canada,Petro-Canada,McCann Canada,PRINT (OUTDOOR),CAMPAIGN,Bronze,https://www.geretyawards.com/winners/2025/entry/186672/visit-canada-petro-canada
Gerety Awards,2025,COMMUNICATION CUT ,2024 Brand Campaign,Pinterest,Pinterest House of Creative,TV/CINEMA,CAMPAIGN,Shortlist,https://www.geretyawards.com/winners/2025/entry/187190/2024-brand-campaign-pinterest
Gerety Awards,2025,COMMUNICATION CUT ,A Soup to Remember,Marodi,Komunikacijski laboratorij,PR,SINGLE,Shortlist,https://www.geretyawards.com/winners/2025/entry/187077/a-soup-to-remember-marodi
Gerety Awards,2025,COMMUNICATION CUT ,Anti Murphys Law Toast,Opella-Enterogermina,MRM Spain,ONLINE VIDEO,SINGLE,Shortlist,https://www.geretyawards.com/winners/2025/entry/186757/anti-murphy-s-law-toast-opella-enterogermina
Gerety Awards,2025,COMMUNICATION CUT ,Anti Murphys Law Toast,Opella-Enterogermina,MRM Spain,PR,SINGLE,Shortlist,https://www.geretyawards.com/winners/2025/entry/187146/anti-murphy-s-law-toast-opella-enterogermina
Gerety Awards,2025,COMMUNICATION CUT ,Bubbles,Deutsche Telekom,Saatchi & Saatchi Germany /MUW Saatchi & Saatchi,TV/CINEMA,SINGLE,Shortlist,https://www.geretyawards.com/winners/2025/entry/187359/bubbles-deutsche-telekom
Gerety Awards,2025,COMMUNICATION CUT ,Carbon Cakes,Fujitsu,R/GA Japan,ALTERNATIVE,SINGLE,Shortlist,https://www.geretyawards.com/winners/2025/entry/186966/carbon-cakes-fujitsu
Gerety Awards,2025,COMMUNICATION CUT ,Choreography of Monotony,LinkedIn,Philipp und Keuntje GmbH,TV/CINEMA,SINGLE,Shortlist,https://www.geretyawards.com/winners/2025/entry/186895/choreography-of-monotony-linkedin
Gerety Awards,2025,COMMUNICATION CUT ,Choreography of Monotony,LinkedIn,Philipp und Keuntje GmbH,ONLINE VIDEO,SINGLE,Shortlist,https://www.geretyawards.com/winners/2025/entry/186899/choreography-of-monotony-linkedin
Gerety Awards,2025,COMMUNICATION CUT ,Clash of Commuters,Samsung,Clemenger BBDO,MOBILE,SINGLE,Shortlist,https://www.geretyawards.com/winners/2025/entry/186503/clash-of-commuters-samsung
Gerety Awards,2025,COMMUNICATION CUT ,DONT LOOK DOWN,FIXBY,MullenLowe MENA,TV/CINEMA,SINGLE,Shortlist,https://www.geretyawards.com/winners/2025/entry/186765/don-t-look-down-fixby
Gerety Awards,2025,COMMUNICATION CUT ,DrunkenBait,Carlsberg,Burson Sweden,PR,SINGLE,Shortlist,https://www.geretyawards.com/winners/2025/entry/187106/drunkenbait-carlsberg
Gerety Awards,2025,COMMUNICATION CUT ,Endless Runway,eBay,Edelman,ALTERNATIVE,SINGLE,Shortlist,https://www.geretyawards.com/winners/2025/entry/187795/endless-runway-ebay
Gerety Awards,2025,COMMUNICATION CUT ,Everything or Nothing,General Entertainment Authority,BigTime Creative Shop,ONLINE VIDEO,SINGLE,Shortlist,https://www.geretyawards.com/winners/2025/entry/180574/everything-or-nothing-general-entertainment-authority
Gerety Awards,2025,COMMUNICATION CUT ,Glassphemy,Guinness,VML UK,,INTEGRATED,Shortlist,https://www.geretyawards.com/winners/2025/entry/180540/glassphemy-guinness
Gerety Awards,2025,COMMUNICATION CUT ,Guilty Pets,IKEA,INGO Hamburg,PRINT (OUTDOOR),CAMPAIGN,Shortlist,https://www.geretyawards.com/winners/2025/entry/177040/guilty-pets-ikea
Gerety Awards,2025,COMMUNICATION CUT ,History Outnumbered,History Channel,Dentsu Creative Iberia,TV/CINEMA,CAMPAIGN,Shortlist,https://www.geretyawards.com/winners/2025/entry/187534/history-outnumbered-history-channel
Gerety Awards,2025,COMMUNICATION CUT ,Irmela vs Nazis,toom DIY market,Scholz & Friends,TV/CINEMA,CAMPAIGN,Shortlist,https://www.geretyawards.com/winners/2025/entry/185946/irmela-vs-nazis-toom-diy-market
Gerety Awards,2025,COMMUNICATION CUT ,Its Part of the Game,Dirt is Good,Golin,PR,CAMPAIGN,Shortlist,https://www.geretyawards.com/winners/2025/entry/187523/it-s-part-of-the-game-dirt-is-good
Gerety Awards,2025,COMMUNICATION CUT ,La-Z-Boy Ban Reclining,La-Z-Boy,Colle McVoy,,INTEGRATED,Shortlist,https://www.geretyawards.com/winners/2025/entry/180611/la-z-boy-ban-reclining-la-z-boy
Gerety Awards,2025,COMMUNICATION CUT ,Lomiteros After Hours,Burger King,GARABATO MULLENLOWE,PRINT (PRESS),CAMPAIGN,Shortlist,https://www.geretyawards.com/winners/2025/entry/187550/lomiteros-after-hours-burger-king
Gerety Awards,2025,COMMUNICATION CUT ,MadrIsimo,Marias Gamesa,Isla RepUblica,PR,SINGLE,Shortlist,https://www.geretyawards.com/winners/2025/entry/187834/madr-simo-marias-gamesa
Gerety Awards,2025,COMMUNICATION CUT ,Move forward,KANAZAWA HIGH SCHOOL SUMO TOURNAMENT,DENTSU INC,PRINT (PRESS),CAMPAIGN,Shortlist,https://www.geretyawards.com/winners/2025/entry/186726/move-forward-kanazawa-high-school-sumo-tournament
Gerety Awards,2025,COMMUNICATION CUT ,NE PAS IGNORER,FONDATION DES FEMMES,AUSTRALIEGAD,ALTERNATIVE,CAMPAIGN,Shortlist,https://www.geretyawards.com/winners/2025/entry/186920/ne-pas-ignorer-fondation-des-femmes
Gerety Awards,2025,COMMUNICATION CUT ,NEW AIR,DAIKIN,DENTSU CREATIVE France,ONLINE VIDEO,SINGLE,Shortlist,https://www.geretyawards.com/winners/2025/entry/186577/new-air-daikin
Gerety Awards,2025,COMMUNICATION CUT ,Not every smile starts with a smile,Colgate,VML Paris,PRINT (OUTDOOR),CAMPAIGN,Shortlist,https://www.geretyawards.com/winners/2025/entry/186647/not-every-smile-starts-with-a-smile-colgate
Gerety Awards,2025,COMMUNICATION CUT ,Nutter Butter You Good?,Nutter Butter,Dentsu Creative New York,MOBILE,SINGLE,Shortlist,https://www.geretyawards.com/winners/2025/entry/186125/nutter-butter-you-good-nutter-butter
Gerety Awards,2025,COMMUNICATION CUT ,R & Create,Volkswagen R,DDB Germany,DIGITAL,SINGLE,Shortlist,https://www.geretyawards.com/winners/2025/entry/186464/r-create-volkswagen-r
Gerety Awards,2025,COMMUNICATION CUT ,Rainbow Wool,Schferei Stcke,SERVICEPLAN GERMANY,PR,SINGLE,Shortlist,https://www.geretyawards.com/winners/2025/entry/180001/rainbow-wool-sch-ferei-st-cke
Gerety Awards,2025,COMMUNICATION CUT ,Share The First,Dove,Edelman,MOBILE,SINGLE,Shortlist,https://www.geretyawards.com/winners/2025/entry/187074/share-the-first-dove
Gerety Awards,2025,COMMUNICATION CUT ,Share The First,Dove,Edelman,PR,SINGLE,Shortlist,https://www.geretyawards.com/winners/2025/entry/187073/share-the-first-dove
Gerety Awards,2025,COMMUNICATION CUT ,Sleep with Rain,AT&T Business,West BBDO and Critical Mass,DIGITAL,CAMPAIGN,Shortlist,https://www.geretyawards.com/winners/2025/entry/186298/sleep-with-rain-at-t-business
Gerety Awards,2025,COMMUNICATION CUT ,Somebody,NFL,72andSunny,TV/CINEMA,SINGLE,Shortlist,https://www.geretyawards.com/winners/2025/entry/186553/somebody-nfl
Gerety Awards,2025,COMMUNICATION CUT ,Sports reIllustrated,Dove,Edelman,PRINT (PRESS),SINGLE,Shortlist,https://www.geretyawards.com/winners/2025/entry/187792/sports-reillustrated-dove
Gerety Awards,2025,COMMUNICATION CUT ,Sweeter Than The Sweetest,Axe/Lynx,LOLA MullenLowe,TV/CINEMA,CAMPAIGN,Shortlist,https://www.geretyawards.com/winners/2025/entry/187060/sweeter-than-the-sweetest-axe-lynx
Gerety Awards,2025,COMMUNICATION CUT ,The Ad No Man Saw,24/7 Emergency Room of the Hamburg Womens Shelters,Grabarz & Partner,PRINT (PRESS),SINGLE,Shortlist,https://www.geretyawards.com/winners/2025/entry/186610/the-ad-no-man-saw-24-7-emergency-room-of-the-hamburg-women-s-shelters
Gerety Awards,2025,COMMUNICATION CUT ,The Art Of Stains,OMO (Dirt is Good),MullenLowe MENA,ALTERNATIVE,SINGLE,Shortlist,https://www.geretyawards.com/winners/2025/entry/186777/the-art-of-stains-omo-dirt-is-good
Gerety Awards,2025,COMMUNICATION CUT ,The Full Picture,Canon,INGO Hamburg / Memac Ogilvy Dubai,PRINT (OUTDOOR),CAMPAIGN,Shortlist,https://www.geretyawards.com/winners/2025/entry/176406/the-full-picture-canon
Gerety Awards,2025,COMMUNICATION CUT ,The Holocaust The Holocaust The Holocaust,Swedish holocaust museum,BBDO Nordics,PRINT (PRESS),SINGLE,Shortlist,https://www.geretyawards.com/winners/2025/entry/186389/the-holocaust-the-holocaust-the-holocaust-swedish-holocaust-museum
Gerety Awards,2025,COMMUNICATION CUT ,The Mozart Drop,Digital Kchel-Verzeichnis,Fork Unstable Media,PR,SINGLE,Shortlist,https://www.geretyawards.com/winners/2025/entry/180529/the-mozart-drop-digital-k-chel-verzeichnis
Gerety Awards,2025,COMMUNICATION CUT ,The Philharmonic Prints,Berliner Philharmonie,Scholz & Friends,PRINT (OUTDOOR),CAMPAIGN,Shortlist,https://www.geretyawards.com/winners/2025/entry/185942/the-philharmonic-prints-berliner-philharmonie
Gerety Awards,2025,COMMUNICATION CUT ,The Red Flag Tag,IKEA,DDB Group Italy,ALTERNATIVE,SINGLE,Shortlist,https://www.geretyawards.com/winners/2025/entry/185840/the-red-flag-tag-ikea
Gerety Awards,2025,COMMUNICATION CUT ,The Smootheriser,Heineken,LePub Singapore,STRATEGY,SINGLE,Shortlist,https://www.geretyawards.com/winners/2025/entry/187315/the-smootheriser-heineken
Gerety Awards,2025,COMMUNICATION CUT ,URBAN DOGGY FIT,GENERALI,DENTSU CREATIVE France,ALTERNATIVE,SINGLE,Shortlist,https://www.geretyawards.com/winners/2025/entry/187142/urban-doggy-fit-generali
Gerety Awards,2025,COMMUNICATION CUT ,Undeleted,Dove,VML Argentina,,INTEGRATED,Shortlist,https://www.geretyawards.com/winners/2025/entry/186998/undeleted-dove
Gerety Awards,2025,COMMUNICATION CUT ,Undeleted,Dove,VML Argentina,ALTERNATIVE,SINGLE,Shortlist,https://www.geretyawards.com/winners/2025/entry/186933/undeleted-dove
Gerety Awards,2025,COMMUNICATION CUT ,We are not alone,Nivea,Publicis One Touch,ONLINE VIDEO,SINGLE,Shortlist,https://www.geretyawards.com/winners/2025/entry/187372/we-are-not-alone-nivea
Gerety Awards,2025,COMMUNICATION CUT ,not the last kick,hatari,hakuhodo bangkok,PR,SINGLE,Shortlist,https://www.geretyawards.com/winners/2025/entry/176164/not-the-last-kick-hatari
Gerety Awards,2025,CRAFT CUT ,Never Just A Period,Bodyform/Libresse,AMVBBDO,ART DIRECTION,SINGLE,Grand Prix,https://www.geretyawards.com/winners/2025/entry/187593/never-just-a-period-bodyform-libresse
Gerety Awards,2025,CRAFT CUT ,Sennas Cut,Netflix,Monks Buenos Aires,EDITING,SINGLE,Grand Prix,https://www.geretyawards.com/winners/2025/entry/186129/senna-s-cut-netflix
Gerety Awards,2025,CRAFT CUT ,A Tale As Old As Websites,Squarespace,Squarespace,DIRECTION,SINGLE,Gold,https://www.geretyawards.com/winners/2025/entry/187584/a-tale-as-old-as-websites-squarespace
Gerety Awards,2025,CRAFT CUT ,Bubbles,Deutsche Telekom,Saatchi & Saatchi Germany /MUW Saatchi & Saatchi,PRODUCTION DESIGN,SINGLE,Gold,https://www.geretyawards.com/winners/2025/entry/187362/bubbles-deutsche-telekom
Gerety Awards,2025,CRAFT CUT ,Never Just A Period,Bodyform/Libresse,AMVBBDO,DIRECTION,SINGLE,Gold,https://www.geretyawards.com/winners/2025/entry/187594/never-just-a-period-bodyform-libresse
Gerety Awards,2025,CRAFT CUT ,Never Just A Period,Bodyform/Libresse,AMVBBDO,SOUND DESIGN,SINGLE,Gold,https://www.geretyawards.com/winners/2025/entry/187596/never-just-a-period-bodyform-libresse
Gerety Awards,2025,CRAFT CUT ,The First Speech,Reporters Without Borders,INNOCEAN Berlin,CINEMATOGRAPHY,CAMPAIGN,Gold,https://www.geretyawards.com/winners/2025/entry/180457/the-first-speech-reporters-without-borders
Gerety Awards,2025,CRAFT CUT ,Thread,Commission des normes de lEquitE de la santE et de la sEcuritE du travail (CNESST),Cossette,ANIMATION,SINGLE,Gold,https://www.geretyawards.com/winners/2025/entry/187107/thread-commission-des-normes-de-l-quit-de-la-sant-et-de-la-s-curit-du-travail-cnesst
Gerety Awards,2025,CRAFT CUT ,Miniatur Warmland,Telekom,Grabarz & Partner,VISUAL EFFECTS,SINGLE,Silver,https://www.geretyawards.com/winners/2025/entry/186686/miniatur-warmland-telekom
Gerety Awards,2025,CRAFT CUT ,2024 Brand Campaign,Pinterest,Pinterest House of Creative,ART DIRECTION,CAMPAIGN,Silver,https://www.geretyawards.com/winners/2025/entry/187182/2024-brand-campaign-pinterest
Gerety Awards,2025,CRAFT CUT ,2024 Brand Campaign,Pinterest,Pinterest House of Creative,PRODUCTION DESIGN,CAMPAIGN,Silver,https://www.geretyawards.com/winners/2025/entry/187192/2024-brand-campaign-pinterest
Gerety Awards,2025,CRAFT CUT ,855-HOW-TO-QUIT-(OPIOIDS),Anzen Health,SERVICEPLAN GERMANY / MEDIAPLUS GROUP,ART DIRECTION,CAMPAIGN,Silver,https://www.geretyawards.com/winners/2025/entry/178579/855-how-to-quit-opioids-anzen-health
Gerety Awards,2025,CRAFT CUT ,BREAKING GLASS,SCANDINAVIAN AIRLINES,No Agency,DIRECTION,SINGLE,Silver,https://www.geretyawards.com/winners/2025/entry/186810/breaking-glass-scandinavian-airlines
Gerety Awards,2025,CRAFT CUT ,BREAKING GLASS,SCANDINAVIAN AIRLINES,No Agency,PRODUCTION DESIGN,SINGLE,Silver,https://www.geretyawards.com/winners/2025/entry/186961/breaking-glass-scandinavian-airlines
Gerety Awards,2025,CRAFT CUT ,Bubbles,Deutsche Telekom,Saatchi & Saatchi Germany /MUW Saatchi & Saatchi,MUSIC,SINGLE,Silver,https://www.geretyawards.com/winners/2025/entry/187361/bubbles-deutsche-telekom
Gerety Awards,2025,CRAFT CUT ,Call of The Kings,Riyadh Season,Big Time Creative Shop,VISUAL EFFECTS,SINGLE,Silver,https://www.geretyawards.com/winners/2025/entry/178129/call-of-the-kings-riyadh-season
Gerety Awards,2025,CRAFT CUT ,Everything or Nothing,General Entertainment Authority,BigTime Creative Shop,MUSIC,SINGLE,Silver,https://www.geretyawards.com/winners/2025/entry/180495/everything-or-nothing-general-entertainment-authority
Gerety Awards,2025,CRAFT CUT ,Get an Airbnb,Airbnb,BUCK,ANIMATION,CAMPAIGN,Silver,https://www.geretyawards.com/winners/2025/entry/174940/get-an-airbnb-airbnb
Gerety Awards,2025,CRAFT CUT ,Imperfect Motherhoods,Marias,Isla,DIRECTION,SINGLE,Silver,https://www.geretyawards.com/winners/2025/entry/187284/imperfect-motherhoods-marias
Gerety Awards,2025,CRAFT CUT ,In Hot Water,WWF,NOMINT,ANIMATION,SINGLE,Silver,https://www.geretyawards.com/winners/2025/entry/186525/in-hot-water-wwf
Gerety Awards,2025,CRAFT CUT ,In Hot Water,WWF,NOMINT,ART DIRECTION,SINGLE,Silver,https://www.geretyawards.com/winners/2025/entry/186527/in-hot-water-wwf
Gerety Awards,2025,CRAFT CUT ,In Hot Water,WWF,NOMINT,PRODUCTION DESIGN,SINGLE,Silver,https://www.geretyawards.com/winners/2025/entry/186528/in-hot-water-wwf
Gerety Awards,2025,CRAFT CUT ,Listen to your heart,Powerbeats,Translation,COPYWRITING,SINGLE,Silver,https://www.geretyawards.com/winners/2025/entry/178659/listen-to-your-heart-powerbeats
Gerety Awards,2025,CRAFT CUT ,Never Just A Period,Bodyform/Libresse,AMVBBDO,EDITING,SINGLE,Silver,https://www.geretyawards.com/winners/2025/entry/187595/never-just-a-period-bodyform-libresse
Gerety Awards,2025,CRAFT CUT ,PRICE PACKS,PENNY,SERVICEPLAN GERMANY,ART DIRECTION,SINGLE,Silver,https://www.geretyawards.com/winners/2025/entry/178562/price-packs-penny
Gerety Awards,2025,CRAFT CUT ,PRICE PACKS,PENNY,SERVICEPLAN GERMANY,TYPOGRAPHY,SINGLE,Silver,https://www.geretyawards.com/winners/2025/entry/178561/price-packs-penny
Gerety Awards,2025,CRAFT CUT ,Packed Full of History,Samsung,Clemenger BBDO,ART DIRECTION,SINGLE,Silver,https://www.geretyawards.com/winners/2025/entry/186501/packed-full-of-history-samsung
Gerety Awards,2025,CRAFT CUT ,Paris Paralympics  2024 Considering What,Channel 4,4creative,DIRECTION,SINGLE,Silver,https://www.geretyawards.com/winners/2025/entry/187585/paris-paralympics-2024-considering-what-channel-4
Gerety Awards,2025,CRAFT CUT ,Rejenerated,Australian Broadcasting Corporation,Howatson+Company,TYPOGRAPHY,CAMPAIGN,Silver,https://www.geretyawards.com/winners/2025/entry/186578/rejenerated-australian-broadcasting-corporation
Gerety Awards,2025,CRAFT CUT ,The Cause of The Accident That Caused The Fire,ICEX Audiovisual from Spain,-,DIRECTION,SINGLE,Silver,https://www.geretyawards.com/winners/2025/entry/177002/the-cause-of-the-accident-that-caused-the-fire-icex-audiovisual-from-spain
Gerety Awards,2025,CRAFT CUT ,The Philharmonic Prints,Berliner Philharmonie,Scholz & Friends,ART DIRECTION,CAMPAIGN,Silver,https://www.geretyawards.com/winners/2025/entry/186521/the-philharmonic-prints-berliner-philharmonie
Gerety Awards,2025,CRAFT CUT ,The Philharmonic Prints,Berliner Philharmonie,Scholz & Friends,ILLUSTRATION,CAMPAIGN,Silver,https://www.geretyawards.com/winners/2025/entry/186522/the-philharmonic-prints-berliner-philharmonie
Gerety Awards,2025,CRAFT CUT ,Unwrap The Summer,Cornetto,LOLA MullenLowe,ART DIRECTION,CAMPAIGN,Silver,https://www.geretyawards.com/winners/2025/entry/187070/unwrap-the-summer-cornetto
Gerety Awards,2025,CRAFT CUT ,Wherever We Go,Telstra,Bear Meets Eagle On Fire,ANIMATION,SINGLE,Silver,https://www.geretyawards.com/winners/2025/entry/176570/wherever-we-go-telstra
Gerety Awards,2025,CRAFT CUT ,Youre Not Ready,Netflix,Wieden + Kennedy Portland,EDITING,SINGLE,Silver,https://www.geretyawards.com/winners/2025/entry/179472/you-re-not-ready-netflix
Gerety Awards,2025,CRAFT CUT ,2024 Brand Campaign,Pinterest,Pinterest House of Creative,COPYWRITING,CAMPAIGN,Bronze,https://www.geretyawards.com/winners/2025/entry/187191/2024-brand-campaign-pinterest
Gerety Awards,2025,CRAFT CUT ,Audible X Antoine Bardou-Jacquet,Audible,Fold 7,VISUAL EFFECTS,CAMPAIGN,Bronze,https://www.geretyawards.com/winners/2025/entry/180469/audible-x-antoine-bardou-jacquet-audible
Gerety Awards,2025,CRAFT CUT ,Everything or Nothing,General Entertainment Authority,BigTime Creative Shop,CINEMATOGRAPHY,SINGLE,Bronze,https://www.geretyawards.com/winners/2025/entry/179943/everything-or-nothing-general-entertainment-authority
Gerety Awards,2025,CRAFT CUT ,Listen to your heart,Powerbeats,Translation,CINEMATOGRAPHY,SINGLE,Bronze,https://www.geretyawards.com/winners/2025/entry/178656/listen-to-your-heart-powerbeats
Gerety Awards,2025,CRAFT CUT ,Lomiteros After Hours,Burger King,GARABATO MULLENLOWE,PHOTOGRAPHY,CAMPAIGN,Bronze,https://www.geretyawards.com/winners/2025/entry/187548/lomiteros-after-hours-burger-king
Gerety Awards,2025,CRAFT CUT ,Play The Dew,Mountain Dew,BBDO Guerrero,SOUND DESIGN,CAMPAIGN,Bronze,https://www.geretyawards.com/winners/2025/entry/187234/play-the-dew-mountain-dew
Gerety Awards,2025,CRAFT CUT ,The 100th Edition,Frankfurter Allgemeine Zeitung,Scholz & Friends,ART DIRECTION,SINGLE,Bronze,https://www.geretyawards.com/winners/2025/entry/185943/the-100th-edition-frankfurter-allgemeine-zeitung
Gerety Awards,2025,CRAFT CUT ,Champions,Kids Help Phone,McCann Canada,MUSIC,SINGLE,Shortlist,https://www.geretyawards.com/winners/2025/entry/175437/champions-kids-help-phone
Gerety Awards,2025,CRAFT CUT ,All it takes is a Yes,Lufthansa,SERVICEPLAN GERMANY,CINEMATOGRAPHY,SINGLE,Shortlist,https://www.geretyawards.com/winners/2025/entry/178480/all-it-takes-is-a-yes-lufthansa
Gerety Awards,2025,CRAFT CUT ,Bubbles,Deutsche Telekom,Saatchi & Saatchi Germany /MUW Saatchi & Saatchi,ART DIRECTION,SINGLE,Shortlist,https://www.geretyawards.com/winners/2025/entry/187360/bubbles-deutsche-telekom
Gerety Awards,2025,CRAFT CUT ,Connecting Europe,German Rail,Ogilvy Germany,ART DIRECTION,CAMPAIGN,Shortlist,https://www.geretyawards.com/winners/2025/entry/177079/connecting-europe-german-rail
Gerety Awards,2025,CRAFT CUT ,Diet of Love,Aldi ,antoni,DIRECTION,SINGLE,Shortlist,https://www.geretyawards.com/winners/2025/entry/175784/diet-of-love-aldi-s-d
Gerety Awards,2025,CRAFT CUT ,Earth Defender,Believe,Music Video,VISUAL EFFECTS,SINGLE,Shortlist,https://www.geretyawards.com/winners/2025/entry/186744/earth-defender-believe
Gerety Awards,2025,CRAFT CUT ,Equal Communication,TERRE DES FEMMES,Scholz & Friends,COPYWRITING,CAMPAIGN,Shortlist,https://www.geretyawards.com/winners/2025/entry/186440/equal-communication-terre-des-femmes
Gerety Awards,2025,CRAFT CUT ,Everything or Nothing,General Entertainment Authority,BigTime Creative Shop,DIRECTION,SINGLE,Shortlist,https://www.geretyawards.com/winners/2025/entry/180573/everything-or-nothing-general-entertainment-authority
Gerety Awards,2025,CRAFT CUT ,Liming With Gran,University of Cambridge & Genomics England,Ketchum,ART DIRECTION,SINGLE,Shortlist,https://www.geretyawards.com/winners/2025/entry/178090/liming-with-gran-university-of-cambridge-genomics-england
Gerety Awards,2025,CRAFT CUT ,Long Lasting,AXE,LOLA Mullen Lowe,DIRECTION,SINGLE,Shortlist,https://www.geretyawards.com/winners/2025/entry/177402/long-lasting-axe
Gerety Awards,2025,CRAFT CUT ,Marvel Rivals No One Rivals Doom,Marvel Rivals,None,ANIMATION,SINGLE,Shortlist,https://www.geretyawards.com/winners/2025/entry/177448/marvel-rivals-no-one-rivals-doom-marvel-rivals
Gerety Awards,2025,CRAFT CUT ,Money At- Open Air Playground,JD Sports,Translation,ART DIRECTION,SINGLE,Shortlist,https://www.geretyawards.com/winners/2025/entry/177581/money-at-open-air-playground-jd-sports
Gerety Awards,2025,CRAFT CUT ,New World Aeternum,New World,None,ANIMATION,SINGLE,Shortlist,https://www.geretyawards.com/winners/2025/entry/177447/new-world-aeternum-new-world
Gerety Awards,2025,CRAFT CUT ,Not every smile starts with a smile,Colgate,VML Paris,PHOTOGRAPHY,CAMPAIGN,Shortlist,https://www.geretyawards.com/winners/2025/entry/186649/not-every-smile-starts-with-a-smile-colgate
Gerety Awards,2025,CRAFT CUT ,Orchestra of Monotony,LinkedIn,Philipp und Keuntje GmbH,MUSIC,SINGLE,Shortlist,https://www.geretyawards.com/winners/2025/entry/186896/orchestra-of-monotony-linkedin
Gerety Awards,2025,CRAFT CUT ,Somebody,NFL,72andSunny,COPYWRITING,SINGLE,Shortlist,https://www.geretyawards.com/winners/2025/entry/186554/somebody-nfl
Gerety Awards,2025,CRAFT CUT ,Somebody,NFL,72andSunny,DIRECTION,SINGLE,Shortlist,https://www.geretyawards.com/winners/2025/entry/186555/somebody-nfl
Gerety Awards,2025,CRAFT CUT ,Someday,Apple,TBWA\Media Arts Lab Los Angeles,EDITING,SINGLE,Shortlist,https://www.geretyawards.com/winners/2025/entry/186543/someday-apple
Gerety Awards,2025,CRAFT CUT ,THE XBOX ADAPTIVE JOYSTICK,Xbox,McCann London,PHOTOGRAPHY,CAMPAIGN,Shortlist,https://www.geretyawards.com/winners/2025/entry/186524/the-xbox-adaptive-joystick-xbox
Gerety Awards,2025,CRAFT CUT ,The Gifting Hour,John Lewis,Saatchi & Saatchi,DIRECTION,SINGLE,Shortlist,https://www.geretyawards.com/winners/2025/entry/176567/the-gifting-hour-john-lewis
Gerety Awards,2025,CRAFT CUT ,The Gifting Hour,John Lewis,Saatchi & Saatchi,PRODUCTION DESIGN,SINGLE,Shortlist,https://www.geretyawards.com/winners/2025/entry/176568/the-gifting-hour-john-lewis
Gerety Awards,2025,CRAFT CUT ,The Unburied Casket,Woman For Change,Edelman,ART DIRECTION,SINGLE,Shortlist,https://www.geretyawards.com/winners/2025/entry/187545/the-unburied-casket-woman-for-change
Gerety Awards,2025,CRAFT CUT ,Unglueables,Loctite,HeimatTBWA,COPYWRITING,CAMPAIGN,Shortlist,https://www.geretyawards.com/winners/2025/entry/187491/unglueables-loctite
Gerety Awards,2025,CRAFT CUT ,Usyk Vs Fury Reignited,Riyadh Season,BigTime Creative Shop,DIRECTION,SINGLE,Shortlist,https://www.geretyawards.com/winners/2025/entry/176572/usyk-vs-fury-reignited-riyadh-season
Gerety Awards,2025,CRAFT CUT ,Waiting for You,MoPets,Serviceplan Belgium,PHOTOGRAPHY,SINGLE,Shortlist,https://www.geretyawards.com/winners/2025/entry/186796/waiting-for-you-mopets
Gerety Awards,2025,CRAFT CUT ,We are not alone,Nivea,Publicis One Touch,MUSIC,SINGLE,Shortlist,https://www.geretyawards.com/winners/2025/entry/187486/we-are-not-alone-nivea
Gerety Awards,2025,CRAFT CUT ,We are not alone,Nivea,Publicis One Touch,VISUAL EFFECTS,SINGLE,Shortlist,https://www.geretyawards.com/winners/2025/entry/187487/we-are-not-alone-nivea
Gerety Awards,2025,EFFECTIVENESS CUT ,The 100th Edition,Frankfurter Allgemeine Zeitung,Scholz & Friends,PRINT (OUTDOOR),SINGLE,Gold,https://www.geretyawards.com/winners/2025/entry/186410/the-100th-edition-frankfurter-allgemeine-zeitung
Gerety Awards,2025,EFFECTIVENESS CUT ,The Art Of Stains,OMO (Dirt is Good),MullenLowe MENA,ALTERNATIVE,SINGLE,Gold,https://www.geretyawards.com/winners/2025/entry/186776/the-art-of-stains-omo-dirt-is-good
Gerety Awards,2025,EFFECTIVENESS CUT ,Unsilence the Violence,TERRE DES FEMMES,Scholz & Friends / 2030 Kommunikation,PR,SINGLE,Gold,https://www.geretyawards.com/winners/2025/entry/177366/unsilence-the-violence-terre-des-femmes
Gerety Awards,2025,EFFECTIVENESS CUT ,W1NG COD3S,Volaris Airlines,Havas HOY,ALTERNATIVE,SINGLE,Gold,https://www.geretyawards.com/winners/2025/entry/180603/w1ng-cod3s-volaris-airlines
Gerety Awards,2025,EFFECTIVENESS CUT ,Choose Uber,Heetch,BETC,,INTEGRATED,Silver,https://www.geretyawards.com/winners/2025/entry/187273/choose-uber-heetch
Gerety Awards,2025,EFFECTIVENESS CUT ,LIVE FEARLESS THE HEART & GUTS BEHIND THE BLOOD,Bodyform/Libresse,AMVBBDO,ONLINE VIDEO,SINGLE,Silver,https://www.geretyawards.com/winners/2025/entry/187599/live-fearless-the-heart-guts-behind-the-blood-bodyform-libresse
Gerety Awards,2025,EFFECTIVENESS CUT ,DrunkenBait,Carlsberg,Burson Sweden,PR,SINGLE,Bronze,https://www.geretyawards.com/winners/2025/entry/187174/drunkenbait-carlsberg
Gerety Awards,2025,EFFECTIVENESS CUT ,Heir Richie,Ore-Ida,The Kitchen North America,ALTERNATIVE,SINGLE,Bronze,https://www.geretyawards.com/winners/2025/entry/186794/heir-richie-ore-ida
Gerety Awards,2025,EFFECTIVENESS CUT ,Trust Bars,Heineken,LePub Singapore,EMERGING COMMERCE,SINGLE,Bronze,https://www.geretyawards.com/winners/2025/entry/187306/trust-bars-heineken
Gerety Awards,2025,EFFECTIVENESS CUT ,DONT LOOK DOWN,FIXBY,MullenLowe MENA,TV/CINEMA,SINGLE,Shortlist,https://www.geretyawards.com/winners/2025/entry/186764/don-t-look-down-fixby
Gerety Awards,2025,EFFECTIVENESS CUT ,Doors of Opportunity,Soles4Souls,FUSE Create,,INTEGRATED,Shortlist,https://www.geretyawards.com/winners/2025/entry/179893/doors-of-opportunity-soles4souls
Gerety Awards,2025,EFFECTIVENESS CUT ,Human Right Bracelets,Amnesty International Spain,La Despensa,PR,SINGLE,Shortlist,https://www.geretyawards.com/winners/2025/entry/176387/human-right-bracelets-amnesty-international-spain
Gerety Awards,2025,EFFECTIVENESS CUT ,Nutter Butter You Good?,Nutter Butter,Dentsu Creative New York,MOBILE,SINGLE,Shortlist,https://www.geretyawards.com/winners/2025/entry/186124/nutter-butter-you-good-nutter-butter
Gerety Awards,2025,EFFECTIVENESS CUT ,The Unwearable Ring,Prague Pride Jsme FEr,Leo Burnett Prague & MSL Czech Republic,PR,SINGLE,Shortlist,https://www.geretyawards.com/winners/2025/entry/174222/the-unwearable-ring-prague-pride-jsme-f-r
Gerety Awards,2025,ENTERTAINMENT CUT ,The Final Copy of Ilon Specht,LOrEal Paris,McCann Paris,ONLINE VIDEO,SINGLE,Grand Prix,https://www.geretyawards.com/winners/2025/entry/187411/the-final-copy-of-ilon-specht-l-or-al-paris
Gerety Awards,2025,ENTERTAINMENT CUT ,Never Just A Period,Bodyform/Libresse,AMVBBDO,ONLINE VIDEO,SINGLE,Gold,https://www.geretyawards.com/winners/2025/entry/187597/never-just-a-period-bodyform-libresse
Gerety Awards,2025,ENTERTAINMENT CUT ,The Cheeky Controller,Xbox,McCann London,PRODUCT & PACKAGING DESIGN,SINGLE,Gold,https://www.geretyawards.com/winners/2025/entry/186523/the-cheeky-controller-xbox
Gerety Awards,2025,ENTERTAINMENT CUT ,Mustard x Mustard,Heinz - Kraft Heinz,The Kitchen North America,ALTERNATIVE,SINGLE,Silver,https://www.geretyawards.com/winners/2025/entry/186934/mustard-x-mustard-heinz-kraft-heinz
Gerety Awards,2025,ENTERTAINMENT CUT ,Oreo Empire,Oreo,Dentsu Creative Chicago,ALTERNATIVE,SINGLE,Silver,https://www.geretyawards.com/winners/2025/entry/185978/oreo-empire-oreo
Gerety Awards,2025,ENTERTAINMENT CUT ,Oreo Square Cookie,Oreo,Saatchi & Saatchi Germany,EMERGING COMMERCE,SINGLE,Silver,https://www.geretyawards.com/winners/2025/entry/187366/oreo-square-cookie-oreo
Gerety Awards,2025,ENTERTAINMENT CUT ,Sennas Cut,Netflix,Monks Buenos Aires,ONLINE VIDEO,SINGLE,Silver,https://www.geretyawards.com/winners/2025/entry/186157/senna-s-cut-netflix
Gerety Awards,2025,ENTERTAINMENT CUT ,ArtMemes,Yettel,Artificial Group,DIGITAL,SINGLE,Bronze,https://www.geretyawards.com/winners/2025/entry/186943/artmemes-yettel
Gerety Awards,2025,ENTERTAINMENT CUT ,Obsession,Riyadh Season,BigTime Creative Shop,ONLINE VIDEO,SINGLE,Bronze,https://www.geretyawards.com/winners/2025/entry/180575/obsession-riyadh-season
Gerety Awards,2025,ENTERTAINMENT CUT ,The Mozart Drop,Digital Kchel-Verzeichnis,Fork Unstable Media,PR,SINGLE,Bronze,https://www.geretyawards.com/winners/2025/entry/180537/the-mozart-drop-digital-k-chel-verzeichnis
Gerety Awards,2025,ENTERTAINMENT CUT ,TheDonationMap,UNITED 24,Havas Play France,DIGITAL,SINGLE,Shortlist,https://www.geretyawards.com/winners/2025/entry/176370/thedonationmap-united-24
Gerety Awards,2025,ENTERTAINMENT CUT ,Duolingo x Squidgame Owl Game,Duolingo,Duolingo Direct,ONLINE VIDEO,SINGLE,Shortlist,https://www.geretyawards.com/winners/2025/entry/177413/duolingo-x-squidgame-owl-game-duolingo
Gerety Awards,2025,ENTERTAINMENT CUT ,FUEL HATERS,PTT Station,Yell Bangkok,ONLINE VIDEO,SINGLE,Shortlist,https://www.geretyawards.com/winners/2025/entry/186886/fuel-haters-ptt-station
Gerety Awards,2025,ENTERTAINMENT CUT ,Play The Dew,Mountain Dew,BBDO Guerrero,,INTEGRATED,Shortlist,https://www.geretyawards.com/winners/2025/entry/187219/play-the-dew-mountain-dew
Gerety Awards,2025,ENTERTAINMENT CUT ,R & Create,Volkswagen R,DDB Germany,ALTERNATIVE,SINGLE,Shortlist,https://www.geretyawards.com/winners/2025/entry/186462/r-create-volkswagen-r
Gerety Awards,2025,ENTERTAINMENT CUT ,R & Create,Volkswagen R,DDB Germany,DIGITAL,SINGLE,Shortlist,https://www.geretyawards.com/winners/2025/entry/186109/r-create-volkswagen-r
Gerety Awards,2025,ENTERTAINMENT CUT ,Trust Bars,Heineken,LePub Singapore,,INTEGRATED,Shortlist,https://www.geretyawards.com/winners/2025/entry/187318/trust-bars-heineken
Gerety Awards,2025,EXPERIENCE CUT ,855-HOW-TO-QUIT-(OPIOIDS),Anzen Health,SERVICEPLAN GERMANY / MEDIAPLUS GROUP,PRINT (OUTDOOR),CAMPAIGN,Gold,https://www.geretyawards.com/winners/2025/entry/180281/855-how-to-quit-opioids-anzen-health
Gerety Awards,2025,EXPERIENCE CUT ,Camdom,Billy Boy,INNOCEAN Berlin,MOBILE,SINGLE,Gold,https://www.geretyawards.com/winners/2025/entry/180461/camdom-billy-boy
Gerety Awards,2025,EXPERIENCE CUT ,PRICE PACKS,PENNY,SERVICEPLAN GERMANY,PRODUCT & PACKAGING DESIGN,SINGLE,Gold,https://www.geretyawards.com/winners/2025/entry/178569/price-packs-penny
Gerety Awards,2025,EXPERIENCE CUT ,The Parental Leave Mortgage,Nordea,NORD DDB,ALTERNATIVE,SINGLE,Gold,https://www.geretyawards.com/winners/2025/entry/187476/the-parental-leave-mortgage-nordea
Gerety Awards,2025,EXPERIENCE CUT ,Animal Alerts,PetPace,SERVICEPLAN GERMANY / L&C,,INTEGRATED,Silver,https://www.geretyawards.com/winners/2025/entry/178552/animal-alerts-petpace
Gerety Awards,2025,EXPERIENCE CUT ,Memorial Route,Stop Accidentes,HEIMATTBWA,PR,SINGLE,Silver,https://www.geretyawards.com/winners/2025/entry/187498/memorial-route-stop-accidentes
Gerety Awards,2025,EXPERIENCE CUT ,Undeleted,Dove,VML Argentina,ALTERNATIVE,SINGLE,Silver,https://www.geretyawards.com/winners/2025/entry/187000/undeleted-dove
Gerety Awards,2025,EXPERIENCE CUT ,Unsilence the Crowd,Sela,VML UK,ALTERNATIVE,CAMPAIGN,Silver,https://www.geretyawards.com/winners/2025/entry/180547/unsilence-the-crowd-sela
Gerety Awards,2025,EXPERIENCE CUT ,Miniatur Warmland,Telekom,Grabarz & Partner,ALTERNATIVE,SINGLE,Bronze,https://www.geretyawards.com/winners/2025/entry/186624/miniatur-warmland-telekom
Gerety Awards,2025,EXPERIENCE CUT ,Dancing Washers,Whirlpool,VML Mexico,EMERGING COMMERCE,SINGLE,Bronze,https://www.geretyawards.com/winners/2025/entry/186293/dancing-washers-whirlpool
Gerety Awards,2025,EXPERIENCE CUT ,Oreo Square Cookie,Oreo,Saatchi & Saatchi Germany,ALTERNATIVE,SINGLE,Bronze,https://www.geretyawards.com/winners/2025/entry/187367/oreo-square-cookie-oreo
Gerety Awards,2025,EXPERIENCE CUT ,Saving The Voice Of The Ghetto,POLIN Museum of the History of Polish Jews,Saatchi & Saatchi x Prodigious x MSL x Leo Burnett,ALTERNATIVE,SINGLE,Bronze,https://www.geretyawards.com/winners/2025/entry/180596/saving-the-voice-of-the-ghetto-polin-museum-of-the-history-of-polish-jews
Gerety Awards,2025,EXPERIENCE CUT ,The Ad No Man Saw,24/7 Emergency Room of the Hamburg Womens Shelters,Grabarz & Partner,PRINT (PRESS),SINGLE,Bronze,https://www.geretyawards.com/winners/2025/entry/186662/the-ad-no-man-saw-24-7-emergency-room-of-the-hamburg-women-s-shelters
Gerety Awards,2025,EXPERIENCE CUT ,The Outside Book,Fruittella,VML So Paulo,PRINT (PRESS),SINGLE,Bronze,https://www.geretyawards.com/winners/2025/entry/187660/the-outside-book-fruittella
Gerety Awards,2025,EXPERIENCE CUT ,Balikbayan Magic Philippine Oriental Food Market,Coca-Cola,VML Canada,ALTERNATIVE,SINGLE,Shortlist,https://www.geretyawards.com/winners/2025/entry/187102/balikbayan-magic-philippine-oriental-food-market-coca-cola
Gerety Awards,2025,EXPERIENCE CUT ,Dancing Washers,Whirlpool,VML Mexico,DIGITAL,SINGLE,Shortlist,https://www.geretyawards.com/winners/2025/entry/186175/dancing-washers-whirlpool
Gerety Awards,2025,EXPERIENCE CUT ,Dancing Washers,Whirlpool,VML Mexico,MOBILE,SINGLE,Shortlist,https://www.geretyawards.com/winners/2025/entry/186294/dancing-washers-whirlpool
Gerety Awards,2025,EXPERIENCE CUT ,Digging Mozart,Digital Kchel-Verzeichnis,Fork Unstable Media,DIGITAL,SINGLE,Shortlist,https://www.geretyawards.com/winners/2025/entry/180527/digging-mozart-digital-k-chel-verzeichnis
Gerety Awards,2025,EXPERIENCE CUT ,Hands Free Brooklyn,Ray-Ban,Translation,ALTERNATIVE,SINGLE,Shortlist,https://www.geretyawards.com/winners/2025/entry/177557/hands-free-brooklyn-ray-ban
Gerety Awards,2025,EXPERIENCE CUT ,Playbrary,National Library Board Singapore,LePub Singapore,DIGITAL,SINGLE,Shortlist,https://www.geretyawards.com/winners/2025/entry/187311/playbrary-national-library-board-singapore
Gerety Awards,2025,EXPERIENCE CUT ,SFI IRL,Malm Stad,BBDO Nordics,PRINT (OUTDOOR),SINGLE,Shortlist,https://www.geretyawards.com/winners/2025/entry/186280/sfi-irl-malm-stad
Gerety Awards,2025,EXPERIENCE CUT ,Social Screen,Heineken South Africa,LePub Johannesburg,ALTERNATIVE,SINGLE,Shortlist,https://www.geretyawards.com/winners/2025/entry/186880/social-screen-heineken-south-africa
Gerety Awards,2025,EXPERIENCE CUT ,The Flamin Hot Stars,Flamin Hot,Isla RepUblica,ALTERNATIVE,SINGLE,Shortlist,https://www.geretyawards.com/winners/2025/entry/187835/the-flamin-hot-stars-flamin-hot
Gerety Awards,2025,EXPERIENCE CUT ,The furrrniture collection,ZooRoyal,Saatchi & Saatchi Germany,PRODUCT & PACKAGING DESIGN,SINGLE,Shortlist,https://www.geretyawards.com/winners/2025/entry/187371/the-furrrniture-collection-zooroyal
Gerety Awards,2025,EXPERIENCE CUT ,Trust Bars,Heineken,LePub Singapore,,INTEGRATED,Shortlist,https://www.geretyawards.com/winners/2025/entry/186733/trust-bars-heineken
Gerety Awards,2025,EXPERIENCE CUT ,mio streaming energy,mio - Kraft Heinz,The Kitchen North America,ALTERNATIVE,SINGLE,Shortlist,https://www.geretyawards.com/winners/2025/entry/186936/mio-streaming-energy-mio-kraft-heinz
Gerety Awards,2025,HEALTH CUT ,Group Therapy,Axa,VML Paris,ALTERNATIVE,SINGLE,Gold,https://www.geretyawards.com/winners/2025/entry/186620/group-therapy-axa
Gerety Awards,2025,HEALTH CUT ,Never Just A Period,Bodyform/Libresse,AMVBBDO,ONLINE VIDEO,SINGLE,Gold,https://www.geretyawards.com/winners/2025/entry/187598/never-just-a-period-bodyform-libresse
Gerety Awards,2025,HEALTH CUT ,Unsilence the Violence,TERRE DES FEMMES,Scholz & Friends / 2030 Kommunikation,PR,SINGLE,Gold,https://www.geretyawards.com/winners/2025/entry/177357/unsilence-the-violence-terre-des-femmes
Gerety Awards,2025,HEALTH CUT ,Camdom,Billy Boy,INNOCEAN Berlin,MOBILE,SINGLE,Silver,https://www.geretyawards.com/winners/2025/entry/180463/camdom-billy-boy
Gerety Awards,2025,HEALTH CUT ,Mommyphone,Gallia,BETC,ALTERNATIVE,SINGLE,Silver,https://www.geretyawards.com/winners/2025/entry/187274/mommyphone-gallia
Gerety Awards,2025,HEALTH CUT ,Anti Murphys Law Toast,Opella-Enterogermina,MRM Spain,ONLINE VIDEO,SINGLE,Bronze,https://www.geretyawards.com/winners/2025/entry/187149/anti-murphy-s-law-toast-opella-enterogermina
Gerety Awards,2025,HEALTH CUT ,Benches of Hope,Carl Zeiss AG,fischerAppelt relations GmbH,PRODUCT & PACKAGING DESIGN,SINGLE,Bronze,https://www.geretyawards.com/winners/2025/entry/180507/benches-of-hope-carl-zeiss-ag
Gerety Awards,2025,HEALTH CUT ,Camdom,Billy Boy,INNOCEAN Berlin,PR,SINGLE,Bronze,https://www.geretyawards.com/winners/2025/entry/180464/camdom-billy-boy
Gerety Awards,2025,HEALTH CUT ,Design your sleep while you sleep,IKEA Family,MRM Spain,EMERGING COMMERCE,SINGLE,Bronze,https://www.geretyawards.com/winners/2025/entry/187153/design-your-sleep-while-you-sleep-ikea-family
Gerety Awards,2025,HEALTH CUT ,Green Gursha,Knorr,Mullen Lowe South Africa,,INTEGRATED,Bronze,https://www.geretyawards.com/winners/2025/entry/185422/green-gursha-knorr
Gerety Awards,2025,HEALTH CUT ,Skincare for Down There,Saforelle,McCann Paris / McCann Health London An IPG Health Company,STRATEGY,CAMPAIGN,Bronze,https://www.geretyawards.com/winners/2025/entry/188259/skincare-for-down-there-saforelle
Gerety Awards,2025,HEALTH CUT ,The Ad No Man Saw,24/7 Emergency Room of the Hamburg Womens Shelters,Grabarz & Partner,PRINT (PRESS),SINGLE,Bronze,https://www.geretyawards.com/winners/2025/entry/186663/the-ad-no-man-saw-24-7-emergency-room-of-the-hamburg-women-s-shelters
Gerety Awards,2025,HEALTH CUT ,Anti Murphys Law Toast,Opella-Enterogermina,MRM Spain,PR,SINGLE,Shortlist,https://www.geretyawards.com/winners/2025/entry/187150/anti-murphy-s-law-toast-opella-enterogermina
Gerety Awards,2025,HEALTH CUT ,Benches of Hope,Carl Zeiss AG,fischerAppelt relations GmbH,ALTERNATIVE,SINGLE,Shortlist,https://www.geretyawards.com/winners/2025/entry/180508/benches-of-hope-carl-zeiss-ag
Gerety Awards,2025,HEALTH CUT ,Could it be this easy?,Sandoz Deutschland / Hexal AG,SERVICEPLAN GERMANY / SERVICEPLAN BELGIUM,RADIO,SINGLE,Shortlist,https://www.geretyawards.com/winners/2025/entry/180521/could-it-be-this-easy-sandoz-deutschland-hexal-ag
Gerety Awards,2025,HEALTH CUT ,DONT LOOK DOWN,FIXBY,MullenLowe MENA,TV/CINEMA,SINGLE,Shortlist,https://www.geretyawards.com/winners/2025/entry/186766/don-t-look-down-fixby
Gerety Awards,2025,HEALTH CUT ,Heirlooms,Suicide & Co,VML UK,ONLINE VIDEO,SINGLE,Shortlist,https://www.geretyawards.com/winners/2025/entry/180553/heirlooms-suicide-co
Gerety Awards,2025,HEALTH CUT ,Liming With Gran,University of Cambridge & Genomics England,Ketchum,,INTEGRATED,Shortlist,https://www.geretyawards.com/winners/2025/entry/178086/liming-with-gran-university-of-cambridge-genomics-england
Gerety Awards,2025,HEALTH CUT ,Not every smile starts with a smile,Colgate,VML Paris,PRINT (OUTDOOR),CAMPAIGN,Shortlist,https://www.geretyawards.com/winners/2025/entry/186650/not-every-smile-starts-with-a-smile-colgate
Gerety Awards,2025,HEALTH CUT ,Paddle Royale,St Michaels Hospital Foundation,St Michaels Hospital Foundation,ONLINE VIDEO,SINGLE,Shortlist,https://www.geretyawards.com/winners/2025/entry/186845/paddle-royale-st-michael-s-hospital-foundation
Gerety Awards,2025,HEALTH CUT ,Screening banana,Bennet,DDB Group Italy,ALTERNATIVE,SINGLE,Shortlist,https://www.geretyawards.com/winners/2025/entry/185844/screening-banana-bennet
Gerety Awards,2025,HEALTH CUT ,Skincare for Down There,Saforelle,McCann Paris / McCann Health London An IPG Health Company,PRINT (OUTDOOR),CAMPAIGN,Shortlist,https://www.geretyawards.com/winners/2025/entry/187420/skincare-for-down-there-saforelle
Gerety Awards,2025,HEALTH CUT ,The Impossible Camera,American Optometric Association,Edelman,PR,SINGLE,Shortlist,https://www.geretyawards.com/winners/2025/entry/187796/the-impossible-camera-american-optometric-association
Gerety Awards,2025,HEALTH CUT ,The Unofficial Discipline,ottobock,PRESENCE,ALTERNATIVE,CAMPAIGN,Shortlist,https://www.geretyawards.com/winners/2025/entry/180335/the-unofficial-discipline-ottobock
Gerety Awards,2025,HEALTH CUT ,The full picture,yeswecan!cer,Saatchi & Saatchi Germany,TV/CINEMA,CAMPAIGN,Shortlist,https://www.geretyawards.com/winners/2025/entry/187347/the-full-picture-yeswecan-cer
Gerety Awards,2025,HUMOUR CUT ,The Cheeky Controller,Xbox,McCann London,PRODUCT & PACKAGING DESIGN,SINGLE,Gold,https://www.geretyawards.com/winners/2025/entry/186520/the-cheeky-controller-xbox
Gerety Awards,2025,HUMOUR CUT ,Dancing Washers,Whirlpool,VML Mexico,MOBILE,SINGLE,Silver,https://www.geretyawards.com/winners/2025/entry/186295/dancing-washers-whirlpool
Gerety Awards,2025,HUMOUR CUT ,Emotional Support Pizza,7-Eleven,Dentsu Creative New York,ALTERNATIVE,SINGLE,Silver,https://www.geretyawards.com/winners/2025/entry/185974/emotional-support-pizza-7-eleven
Gerety Awards,2025,HUMOUR CUT ,Sleep with Rain,AT&T Business,West BBDO and Critical Mass,DIGITAL,CAMPAIGN,Silver,https://www.geretyawards.com/winners/2025/entry/186291/sleep-with-rain-at-t-business
Gerety Awards,2025,HUMOUR CUT ,The Mayo Exchange,Hellmanns,Edelman,ALTERNATIVE,SINGLE,Silver,https://www.geretyawards.com/winners/2025/entry/187084/the-mayo-exchange-hellmann-s
Gerety Awards,2025,HUMOUR CUT ,Blood Donation Hurts Less,Blutspendedienst des Bayrischen Roten Kreuzes,SAINT ELMOS GERMANY,,INTEGRATED,Bronze,https://www.geretyawards.com/winners/2025/entry/180526/blood-donation-hurts-less-blutspendedienst-des-bayrischen-roten-kreuzes
Gerety Awards,2025,HUMOUR CUT ,Dancing Washers,Whirlpool,VML Mexico,EMERGING COMMERCE,SINGLE,Bronze,https://www.geretyawards.com/winners/2025/entry/186475/dancing-washers-whirlpool
Gerety Awards,2025,HUMOUR CUT ,Diet of Love,Aldi ,antoni,ONLINE VIDEO,SINGLE,Bronze,https://www.geretyawards.com/winners/2025/entry/175785/diet-of-love-aldi-s-d
Gerety Awards,2025,HUMOUR CUT ,LOUD AND CLEAR,MIDAS,DENTSU CREATIVE France,TV/CINEMA,SINGLE,Bronze,https://www.geretyawards.com/winners/2025/entry/180382/loud-and-clear-midas
Gerety Awards,2025,HUMOUR CUT ,Packed With Nuts,KIND,McCann Canada,PRINT (OUTDOOR),CAMPAIGN,Bronze,https://www.geretyawards.com/winners/2025/entry/186532/packed-with-nuts-kind
Gerety Awards,2025,HUMOUR CUT ,Forgotten Beers,Heineken,LePub,ONLINE VIDEO,SINGLE,Shortlist,https://www.geretyawards.com/winners/2025/entry/175786/forgotten-beers-heineken
Gerety Awards,2025,HUMOUR CUT ,Guilty Pets,IKEA,INGO Hamburg,ONLINE VIDEO,CAMPAIGN,Shortlist,https://www.geretyawards.com/winners/2025/entry/176443/guilty-pets-ikea
Gerety Awards,2025,HUMOUR CUT ,Marry Me,Volkswagen,MSB-Films,ONLINE VIDEO,SINGLE,Shortlist,https://www.geretyawards.com/winners/2025/entry/175788/marry-me-volkswagen
Gerety Awards,2025,HUMOUR CUT ,Ore-Ida x Napoleon Dynamite Tot-Protecting Pants,Ore-Ida,The Kitchen,ONLINE VIDEO,SINGLE,Shortlist,https://www.geretyawards.com/winners/2025/entry/187104/ore-ida-x-napoleon-dynamite-tot-protecting-pants-ore-ida
Gerety Awards,2025,HUMOUR CUT ,Sing to Pay,Oscar Mayer - Kraft Heinz,The Kitchen North America,ALTERNATIVE,SINGLE,Shortlist,https://www.geretyawards.com/winners/2025/entry/186937/sing-to-pay-oscar-mayer-kraft-heinz
Gerety Awards,2025,HUMOUR CUT ,Unglueables,Loctite,HeimatTBWA,TV/CINEMA,CAMPAIGN,Shortlist,https://www.geretyawards.com/winners/2025/entry/187493/unglueables-loctite
Gerety Awards,2025,HUMOUR CUT ,When Sally Met Hellmanns,Unilever,VML New York,TV/CINEMA,SINGLE,Shortlist,https://www.geretyawards.com/winners/2025/entry/187252/when-sally-met-hellmann-s-unilever
Gerety Awards,2025,HUMOUR CUT ,Will Levis No8,Hellmanns,Edelman,PR,SINGLE,Shortlist,https://www.geretyawards.com/winners/2025/entry/187797/will-levis-no-8-hellmann-s
Gerety Awards,2025,HUMOUR CUT ,You Know What Hurts Less?,Bavarian Red Cross,SAINT ELMOS GERMANY,RADIO,CAMPAIGN,Shortlist,https://www.geretyawards.com/winners/2025/entry/180523/you-know-what-hurts-less-bavarian-red-cross
Gerety Awards,2025,INNOVATION CUT ,4th Judge,The Ring,BigTime Creative Shop,DIGITAL,SINGLE,Gold,https://www.geretyawards.com/winners/2025/entry/180392/4th-judge-the-ring
Gerety Awards,2025,INNOVATION CUT ,The Shakespeare Bic,Bic Cristal,VML,PRINT (PRESS),SINGLE,Gold,https://www.geretyawards.com/winners/2025/entry/187723/the-shakespeare-bic-bic-cristal
Gerety Awards,2025,INNOVATION CUT ,Animal Alerts,PetPace,SERVICEPLAN GERMANY / L&C / MEDIAPLUS GROUP,DIGITAL,SINGLE,Silver,https://www.geretyawards.com/winners/2025/entry/178551/animal-alerts-petpace
Gerety Awards,2025,INNOVATION CUT ,Design your sleep while you sleep,IKEA Family,MRM Spain,EMERGING COMMERCE,SINGLE,Silver,https://www.geretyawards.com/winners/2025/entry/187151/design-your-sleep-while-you-sleep-ikea-family
Gerety Awards,2025,INNOVATION CUT ,Miniatur Warmland,Telekom,Grabarz & Partner,MOBILE,SINGLE,Bronze,https://www.geretyawards.com/winners/2025/entry/186678/miniatur-warmland-telekom
Gerety Awards,2025,INNOVATION CUT ,Sennas Cut,Netflix,Monks Buenos Aires,ONLINE VIDEO,SINGLE,Bronze,https://www.geretyawards.com/winners/2025/entry/186158/senna-s-cut-netflix
Gerety Awards,2025,INNOVATION CUT ,VISIONGRAM,Japan Blind Judo Federation,DENTSU INC,DIGITAL,SINGLE,Bronze,https://www.geretyawards.com/winners/2025/entry/185777/visiongram-japan-blind-judo-federation
Gerety Awards,2025,INNOVATION CUT ,Codes for Inclusion,Techo & Google,Archer Troy,DIGITAL,SINGLE,Shortlist,https://www.geretyawards.com/winners/2025/entry/186380/codes-for-inclusion-techo-google
Gerety Awards,2025,INNOVATION CUT ,DNA of Democracy,Graf von Faber-Castell,SevenOne AdFactory GmbH / Saatchi & Saatchi Germany / White Rabbit Budapest,PRODUCT & PACKAGING DESIGN,SINGLE,Shortlist,https://www.geretyawards.com/winners/2025/entry/187481/dna-of-democracy-graf-von-faber-castell
Gerety Awards,2025,INNOVATION CUT ,Design your sleep while you sleep,IKEA Family,MRM Spain,MOBILE,SINGLE,Shortlist,https://www.geretyawards.com/winners/2025/entry/186769/design-your-sleep-while-you-sleep-ikea-family
Gerety Awards,2025,INNOVATION CUT ,Free the Voices,Monoceros Labs,LLYC,PR,SINGLE,Shortlist,https://www.geretyawards.com/winners/2025/entry/179509/free-the-voices-monoceros-labs
Gerety Awards,2025,INNOVATION CUT ,GhostNetZero,WWF Germany,Accenture Song Germany,DIGITAL,SINGLE,Shortlist,https://www.geretyawards.com/winners/2025/entry/179041/ghostnetzero-wwf-germany
Gerety Awards,2025,INNOVATION CUT ,Playbrary,National Library Board Singapore,LePub Singapore,DIGITAL,SINGLE,Shortlist,https://www.geretyawards.com/winners/2025/entry/187309/playbrary-national-library-board-singapore
Gerety Awards,2025,INNOVATION CUT ,SFI IRL,Malm Stad,BBDO Nordics,PRINT (OUTDOOR),SINGLE,Shortlist,https://www.geretyawards.com/winners/2025/entry/186281/sfi-irl-malm-stad
Gerety Awards,2025,INNOVATION CUT ,The Resurrection Beer,Eriksberg,BBDO Nordics,PRODUCT & PACKAGING DESIGN,SINGLE,Shortlist,https://www.geretyawards.com/winners/2025/entry/185807/the-resurrection-beer-eriksberg
Gerety Awards,2025,MEDIA CUT ,Good To Read Packs,Bennet,DDB Group Italy,PRODUCT & PACKAGING DESIGN,SINGLE,Gold,https://www.geretyawards.com/winners/2025/entry/185842/good-to-read-packs-bennet
Gerety Awards,2025,MEDIA CUT ,Group Therapy,Axa,VML Paris,ALTERNATIVE,SINGLE,Gold,https://www.geretyawards.com/winners/2025/entry/186622/group-therapy-axa
Gerety Awards,2025,MEDIA CUT ,PRICE PACKS,PENNY,SERVICEPLAN GERMANY,PRODUCT & PACKAGING DESIGN,SINGLE,Gold,https://www.geretyawards.com/winners/2025/entry/178563/price-packs-penny
Gerety Awards,2025,MEDIA CUT ,Saltanat Light,Citix,GForce Grey,ALTERNATIVE,SINGLE,Gold,https://www.geretyawards.com/winners/2025/entry/186552/saltanat-light-citix
Gerety Awards,2025,MEDIA CUT ,The 100th Edition,Frankfurter Allgemeine Zeitung,Scholz & Friends,PRINT (PRESS),SINGLE,Gold,https://www.geretyawards.com/winners/2025/entry/186406/the-100th-edition-frankfurter-allgemeine-zeitung
Gerety Awards,2025,MEDIA CUT ,Unsilence the Violence,TERRE DES FEMMES,Scholz & Friends / 2030 Kommunikation,PRINT (OUTDOOR),CAMPAIGN,Gold,https://www.geretyawards.com/winners/2025/entry/177363/unsilence-the-violence-terre-des-femmes
Gerety Awards,2025,MEDIA CUT ,History Outnumbered,History Channel,Dentsu Creative Iberia,PRINT (OUTDOOR),CAMPAIGN,Silver,https://www.geretyawards.com/winners/2025/entry/187482/history-outnumbered-history-channel
Gerety Awards,2025,MEDIA CUT ,The Ad No Man Saw,24/7 Emergency Room of the Hamburg Womens Shelters,Grabarz & Partner,PRINT (PRESS),SINGLE,Silver,https://www.geretyawards.com/winners/2025/entry/186666/the-ad-no-man-saw-24-7-emergency-room-of-the-hamburg-women-s-shelters
Gerety Awards,2025,MEDIA CUT ,The Red Flag Tag,IKEA,DDB Group Italy,ALTERNATIVE,SINGLE,Silver,https://www.geretyawards.com/winners/2025/entry/185838/the-red-flag-tag-ikea
Gerety Awards,2025,MEDIA CUT ,The Red Flag Tag,IKEA,DDB Group Italy,PR,SINGLE,Silver,https://www.geretyawards.com/winners/2025/entry/185839/the-red-flag-tag-ikea
Gerety Awards,2025,MEDIA CUT ,The Unlikely Alliance,Netflix,Monks Buenos Aires,PRINT (OUTDOOR),SINGLE,Silver,https://www.geretyawards.com/winners/2025/entry/186169/the-unlikely-alliance-netflix
Gerety Awards,2025,MEDIA CUT ,The big shake up,Aktion Deutschland Hilft eV (Alliance of German Aid Organisations),Havas Germany,,INTEGRATED,Silver,https://www.geretyawards.com/winners/2025/entry/175397/the-big-shake-up-aktion-deutschland-hilft-e-v-alliance-of-german-aid-organisations
Gerety Awards,2025,MEDIA CUT ,Unseen Desks,Nosotras,Boost Brand Accelerator,PR,SINGLE,Silver,https://www.geretyawards.com/winners/2025/entry/177201/unseen-desks-nosotras
Gerety Awards,2025,MEDIA CUT ,DONT LOOK DOWN,FIXBY,MullenLowe MENA,TV/CINEMA,SINGLE,Bronze,https://www.geretyawards.com/winners/2025/entry/186767/don-t-look-down-fixby
Gerety Awards,2025,MEDIA CUT ,Eureviews,Wired Italia,Tbwa\Italy,DIGITAL,CAMPAIGN,Bronze,https://www.geretyawards.com/winners/2025/entry/186821/eureviews-wired-italia
Gerety Awards,2025,MEDIA CUT ,The Billboards Breach Elevating LVMHs Brand Presence at Paris 2024,LVMH,Havas Play France,PRINT (OUTDOOR),SINGLE,Bronze,https://www.geretyawards.com/winners/2025/entry/176351/the-billboards-breach-elevating-lvmh-s-brand-presence-at-paris-2024-lvmh
Gerety Awards,2025,MEDIA CUT ,The Replacer,Call of Duty,72andSunny,,INTEGRATED,Bronze,https://www.geretyawards.com/winners/2025/entry/186546/the-replacer-call-of-duty
Gerety Awards,2025,MEDIA CUT ,The Replacer,Call of Duty,72andSunny,STRATEGY,CAMPAIGN,Bronze,https://www.geretyawards.com/winners/2025/entry/186547/the-replacer-call-of-duty
Gerety Awards,2025,MEDIA CUT ,URBAN DOGGY FIT,GENERALI,DENTSU CREATIVE France,ALTERNATIVE,SINGLE,Bronze,https://www.geretyawards.com/winners/2025/entry/187144/urban-doggy-fit-generali
Gerety Awards,2025,MEDIA CUT ,Miniatur Warmland,Telekom,Grabarz & Partner,MOBILE,SINGLE,Shortlist,https://www.geretyawards.com/winners/2025/entry/186679/miniatur-warmland-telekom
Gerety Awards,2025,MEDIA CUT ,ALL Surfin the Seine,ALL (ACOOR HOTELS),Havas Play France,ALTERNATIVE,SINGLE,Shortlist,https://www.geretyawards.com/winners/2025/entry/176347/all-surfin-the-seine-all-acoor-hotels
Gerety Awards,2025,MEDIA CUT ,Dancing Washers,Whirlpool,VML Mexico,MOBILE,SINGLE,Shortlist,https://www.geretyawards.com/winners/2025/entry/186482/dancing-washers-whirlpool
Gerety Awards,2025,MEDIA CUT ,Dirt Is Good - Out Of Home,Omo,Edelman,ALTERNATIVE,SINGLE,Shortlist,https://www.geretyawards.com/winners/2025/entry/186799/dirt-is-good-out-of-home-omo
Gerety Awards,2025,MEDIA CUT ,Good To Read Packs,Bennet,DDB Group Italy,PR,SINGLE,Shortlist,https://www.geretyawards.com/winners/2025/entry/185843/good-to-read-packs-bennet
Gerety Awards,2025,MEDIA CUT ,Oreo Square Cookie,Oreo,Saatchi & Saatchi Germany,ALTERNATIVE,SINGLE,Shortlist,https://www.geretyawards.com/winners/2025/entry/187369/oreo-square-cookie-oreo
Gerety Awards,2025,MEDIA CUT ,Oreo Square Cookie,Oreo,Saatchi & Saatchi Germany,EMERGING COMMERCE,SINGLE,Shortlist,https://www.geretyawards.com/winners/2025/entry/187370/oreo-square-cookie-oreo
Gerety Awards,2025,MEDIA CUT ,PENNYs TV Kitchen Takeover,PENNY,OMD Germany,TV/CINEMA,SINGLE,Shortlist,https://www.geretyawards.com/winners/2025/entry/177290/penny-s-tv-kitchen-takeover-penny
Gerety Awards,2025,MEDIA CUT ,Playbrary,National Library Board Singapore,LePub Singapore,DIGITAL,SINGLE,Shortlist,https://www.geretyawards.com/winners/2025/entry/187308/playbrary-national-library-board-singapore
Gerety Awards,2025,MEDIA CUT ,The Unwearable Ring,Prague Pride Jsme FEr,Leo Burnett Prague & MSL Czech Republic,PR,SINGLE,Shortlist,https://www.geretyawards.com/winners/2025/entry/174220/the-unwearable-ring-prague-pride-jsme-f-r
Gerety Awards,2025,MEDIA CUT ,TikTok University,Haaga-Helia University of Applied Sciences,Bob the Robot / NoA,ALTERNATIVE,CAMPAIGN,Shortlist,https://www.geretyawards.com/winners/2025/entry/186621/tiktok-university-haaga-helia-university-of-applied-sciences
Gerety Awards,2025,MEDIA CUT ,Whats For Dinner Takeover,NestlE,VML,,INTEGRATED,Shortlist,https://www.geretyawards.com/winners/2025/entry/187130/what-s-for-dinner-takeover-nestl
Gerety Awards,2025,PHARMA CUT ,The Hug Measurement,Novo Nordisk,Triunfo Sudler,ALTERNATIVE,SINGLE,Silver,https://www.geretyawards.com/winners/2025/entry/180599/the-hug-measurement-novo-nordisk
Gerety Awards,2025,PHARMA CUT ,The Hug Measurement,Novo Nordisk,Triunfo Sudler,STRATEGY,SINGLE,Silver,https://www.geretyawards.com/winners/2025/entry/180597/the-hug-measurement-novo-nordisk
Gerety Awards,2025,PHARMA CUT ,not the last kick,hatari,hakuhodo bangkok,,INTEGRATED,Bronze,https://www.geretyawards.com/winners/2025/entry/176162/not-the-last-kick-hatari
Gerety Awards,2025,PHARMA CUT ,Golden Years,Attruby,GSW,TV/CINEMA,SINGLE,Shortlist,https://www.geretyawards.com/winners/2025/entry/180716/golden-years-attruby
Gerety Awards,2025,PHARMA CUT ,Golden Years,Attruby,GSW,ONLINE VIDEO,SINGLE,Shortlist,https://www.geretyawards.com/winners/2025/entry/180717/golden-years-attruby
Gerety Awards,2025,PHARMA CUT ,The Hug Measurement,Novo Nordisk,Triunfo Sudler,,INTEGRATED,Shortlist,https://www.geretyawards.com/winners/2025/entry/180594/the-hug-measurement-novo-nordisk
Gerety Awards,2025,PRODUCTION OF THE YEAR x  COUNTRY,,,FINCH,AUSTRALIA,,Gold,https://www.geretyawards.com/winners/2025/entry/180096/finch
Gerety Awards,2025,PRODUCTION OF THE YEAR x  COUNTRY,,,Grayson Music,CANADA,,Gold,https://www.geretyawards.com/winners/2025/entry/186474/grayson-music
Gerety Awards,2025,PRODUCTION OF THE YEAR x  COUNTRY,,,Papaya Films,CENTRAL AND EASTERN EUROPE,,Gold,https://www.geretyawards.com/winners/2025/entry/177285/papaya-films
Gerety Awards,2025,PRODUCTION OF THE YEAR x  COUNTRY,,,Primo,SPAIN,,Gold,https://www.geretyawards.com/winners/2025/entry/187280/primo
Gerety Awards,2025,PRODUCTION OF THE YEAR x  COUNTRY,,,ELEANOR,USA,,Gold,https://www.geretyawards.com/winners/2025/entry/185994/eleanor
Gerety Awards,2025,WORK FOR GOOD CUT ,Ban This Profile,Ampara,Edelman,DIGITAL,SINGLE,Gold,https://www.geretyawards.com/winners/2025/entry/186815/ban-this-profile-ampara
Gerety Awards,2025,WORK FOR GOOD CUT ,Camdom,Billy Boy,INNOCEAN Berlin,MOBILE,SINGLE,Gold,https://www.geretyawards.com/winners/2025/entry/180465/camdom-billy-boy
Gerety Awards,2025,WORK FOR GOOD CUT ,The First Speech,Reporters Without Borders,INNOCEAN Berlin,TV/CINEMA,CAMPAIGN,Gold,https://www.geretyawards.com/winners/2025/entry/180458/the-first-speech-reporters-without-borders
Gerety Awards,2025,WORK FOR GOOD CUT ,855-HOW-TO-QUIT-(OPIOIDS),Anzen Health,SERVICEPLAN GERMANY / MEDIAPLUS GROUP,,INTEGRATED,Silver,https://www.geretyawards.com/winners/2025/entry/180238/855-how-to-quit-opioids-anzen-health
Gerety Awards,2025,WORK FOR GOOD CUT ,Codes for Inclusion,Techo & Google,Archer Troy,DIGITAL,SINGLE,Silver,https://www.geretyawards.com/winners/2025/entry/186382/codes-for-inclusion-techo-google
Gerety Awards,2025,WORK FOR GOOD CUT ,In Hot Water,WWF,NOMINT,ONLINE VIDEO,SINGLE,Silver,https://www.geretyawards.com/winners/2025/entry/186529/in-hot-water-wwf
Gerety Awards,2025,WORK FOR GOOD CUT ,Keep up with reality,Reporters Without Borders,kestam Holst NoA,PRINT (OUTDOOR),CAMPAIGN,Silver,https://www.geretyawards.com/winners/2025/entry/186405/keep-up-with-reality-reporters-without-borders
Gerety Awards,2025,WORK FOR GOOD CUT ,Omnilivery,Omni,Saatchi & Saatchi France,ONLINE VIDEO,SINGLE,Silver,https://www.geretyawards.com/winners/2025/entry/180380/omnilivery-omni
Gerety Awards,2025,WORK FOR GOOD CUT ,Saltanat Light,Citix,GForce Grey,ALTERNATIVE,SINGLE,Silver,https://www.geretyawards.com/winners/2025/entry/186549/saltanat-light-citix
Gerety Awards,2025,WORK FOR GOOD CUT ,The Holocaust The Holocaust The Holocaust,Swedish holocaust museum,BBDO Nordics,PRINT (PRESS),SINGLE,Silver,https://www.geretyawards.com/winners/2025/entry/186390/the-holocaust-the-holocaust-the-holocaust-swedish-holocaust-museum
Gerety Awards,2025,WORK FOR GOOD CUT ,The Red Flag Tag,IKEA,DDB Group Italy,ALTERNATIVE,SINGLE,Silver,https://www.geretyawards.com/winners/2025/entry/185612/the-red-flag-tag-ikea
Gerety Awards,2025,WORK FOR GOOD CUT ,The Red Flag Tag,IKEA,DDB Group Italy,PR,SINGLE,Silver,https://www.geretyawards.com/winners/2025/entry/185611/the-red-flag-tag-ikea
Gerety Awards,2025,WORK FOR GOOD CUT ,Unsilence the Crowd,Sela,VML UK,ALTERNATIVE,CAMPAIGN,Silver,https://www.geretyawards.com/winners/2025/entry/180545/unsilence-the-crowd-sela
Gerety Awards,2025,WORK FOR GOOD CUT ,Unsilence the Violence,TERRE DES FEMMES,Scholz & Friends / 2030 Kommunikation,PRINT (OUTDOOR),CAMPAIGN,Silver,https://www.geretyawards.com/winners/2025/entry/177355/unsilence-the-violence-terre-des-femmes
Gerety Awards,2025,WORK FOR GOOD CUT ,Unsilence the Violence,TERRE DES FEMMES,Scholz & Friends / 2030 Kommunikation,PR,SINGLE,Silver,https://www.geretyawards.com/winners/2025/entry/177369/unsilence-the-violence-terre-des-femmes
Gerety Awards,2025,WORK FOR GOOD CUT ,Fer,Save the Children Mexico,(anOnimo),ONLINE VIDEO,SINGLE,Bronze,https://www.geretyawards.com/winners/2025/entry/178945/fer-save-the-children-m-xico
Gerety Awards,2025,WORK FOR GOOD CUT ,Liming With Gran,University of Cambridge & Genomics England,Ketchum,TV/CINEMA,SINGLE,Bronze,https://www.geretyawards.com/winners/2025/entry/178189/liming-with-gran-university-of-cambridge-genomics-england
Gerety Awards,2025,WORK FOR GOOD CUT ,Memorial Route,Stop Accidentes,HEIMATTBWA,ALTERNATIVE,SINGLE,Bronze,https://www.geretyawards.com/winners/2025/entry/187500/memorial-route-stop-accidentes
Gerety Awards,2025,WORK FOR GOOD CUT ,Play,Philippine Commission on Women (PCW),Tribal Worldwide Philippines,ONLINE VIDEO,SINGLE,Bronze,https://www.geretyawards.com/winners/2025/entry/185691/play-philippine-commission-on-women-pcw
Gerety Awards,2025,WORK FOR GOOD CUT ,Rainbow Wool,Schferei Stcke,SERVICEPLAN GERMANY,,INTEGRATED,Bronze,https://www.geretyawards.com/winners/2025/entry/178483/rainbow-wool-sch-ferei-st-cke
Gerety Awards,2025,WORK FOR GOOD CUT ,The Art Of Stains,OMO (Dirt is Good),MullenLowe MENA,ALTERNATIVE,SINGLE,Bronze,https://www.geretyawards.com/winners/2025/entry/186775/the-art-of-stains-omo-dirt-is-good
Gerety Awards,2025,WORK FOR GOOD CUT ,The Parental Leave Mortgage,Nordea,NORD DDB,ALTERNATIVE,SINGLE,Bronze,https://www.geretyawards.com/winners/2025/entry/187474/the-parental-leave-mortgage-nordea
Gerety Awards,2025,WORK FOR GOOD CUT ,The Unburied Casket,Woman For Change,Edelman,ALTERNATIVE,SINGLE,Bronze,https://www.geretyawards.com/winners/2025/entry/187383/the-unburied-casket-woman-for-change
Gerety Awards,2025,WORK FOR GOOD CUT ,The Unwearable Ring,Prague Pride Jsme FEr,Leo Burnett Prague & MSL Czech Republic,PR,SINGLE,Bronze,https://www.geretyawards.com/winners/2025/entry/174219/the-unwearable-ring-prague-pride-jsme-f-r
Gerety Awards,2025,WORK FOR GOOD CUT ,Unsilence the Crowd,Sela,VML UK,,INTEGRATED,Bronze,https://www.geretyawards.com/winners/2025/entry/180549/unsilence-the-crowd-sela
Gerety Awards,2025,WORK FOR GOOD CUT ,INCREDIBLEWOMEN,Tupperware Mexico,ARCHER TROY,DIGITAL,SINGLE,Shortlist,https://www.geretyawards.com/winners/2025/entry/186381/incrediblewomen-tupperware-m-xico
Gerety Awards,2025,WORK FOR GOOD CUT ,Appeal Appeal,UNICEF Australia,Howatson+Company,,INTEGRATED,Shortlist,https://www.geretyawards.com/winners/2025/entry/186723/appeal-appeal-unicef-australia
Gerety Awards,2025,WORK FOR GOOD CUT ,Beep,Make My Money Matter,Mother,ONLINE VIDEO,SINGLE,Shortlist,https://www.geretyawards.com/winners/2025/entry/187588/beep-make-my-money-matter
Gerety Awards,2025,WORK FOR GOOD CUT ,Critical Core,Critical Core Tabletop RPG Game,Dentsu Creative,PRODUCT & PACKAGING DESIGN,SINGLE,Shortlist,https://www.geretyawards.com/winners/2025/entry/186581/critical-core-critical-core-tabletop-rpg-game
Gerety Awards,2025,WORK FOR GOOD CUT ,ENTOUCHABLE MUSEUM,Hachioji Visually Impaired Welfare Association,Dentsu Digital Inc,EMERGING COMMERCE,SINGLE,Shortlist,https://www.geretyawards.com/winners/2025/entry/180300/entouchable-museum-hachioji-visually-impaired-welfare-association
Gerety Awards,2025,WORK FOR GOOD CUT ,Endless Runway,eBay,Edelman,ALTERNATIVE,SINGLE,Shortlist,https://www.geretyawards.com/winners/2025/entry/187798/endless-runway-ebay
Gerety Awards,2025,WORK FOR GOOD CUT ,Equal Communication,TERRE DES FEMMES,Scholz & Friends,RADIO,CAMPAIGN,Shortlist,https://www.geretyawards.com/winners/2025/entry/186441/equal-communication-terre-des-femmes
Gerety Awards,2025,WORK FOR GOOD CUT ,Free the Voices,Monoceros Labs,LLYC,PR,SINGLE,Shortlist,https://www.geretyawards.com/winners/2025/entry/179510/free-the-voices-monoceros-labs
Gerety Awards,2025,WORK FOR GOOD CUT ,GhostNetZero,WWF Germany,Accenture Song Germany,DIGITAL,SINGLE,Shortlist,https://www.geretyawards.com/winners/2025/entry/186259/ghostnetzero-wwf-germany
Gerety Awards,2025,WORK FOR GOOD CUT ,Heirlooms,Suicide & Co,VML UK,ONLINE VIDEO,SINGLE,Shortlist,https://www.geretyawards.com/winners/2025/entry/180554/heirlooms-suicide-co
Gerety Awards,2025,WORK FOR GOOD CUT ,Irmela vs Nazis,toom DIY market,Scholz & Friends,TV/CINEMA,CAMPAIGN,Shortlist,https://www.geretyawards.com/winners/2025/entry/186442/irmela-vs-nazis-toom-diy-market
Gerety Awards,2025,WORK FOR GOOD CUT ,Just Because Leo Can,Rick Hansen Foundation,VML Canada,TV/CINEMA,SINGLE,Shortlist,https://www.geretyawards.com/winners/2025/entry/186839/just-because-leo-can-rick-hansen-foundation
Gerety Awards,2025,WORK FOR GOOD CUT ,Keep up with reality,Reporters Without Borders,kestam Holst NoA,PRINT (PRESS),CAMPAIGN,Shortlist,https://www.geretyawards.com/winners/2025/entry/186399/keep-up-with-reality-reporters-without-borders
Gerety Awards,2025,WORK FOR GOOD CUT ,Liming With Gran,University of Cambridge & Genomics England,Ketchum,PR,SINGLE,Shortlist,https://www.geretyawards.com/winners/2025/entry/178193/liming-with-gran-university-of-cambridge-genomics-england
Gerety Awards,2025,WORK FOR GOOD CUT ,One In 100,Safehaven Toronto,The Local Collective,ALTERNATIVE,SINGLE,Shortlist,https://www.geretyawards.com/winners/2025/entry/180578/one-in-100-safehaven-toronto
Gerety Awards,2025,WORK FOR GOOD CUT ,Re-righting History,Cathay,Leo Hong Kong,ONLINE VIDEO,SINGLE,Shortlist,https://www.geretyawards.com/winners/2025/entry/179946/re-righting-history-cathay
Gerety Awards,2025,WORK FOR GOOD CUT ,StutterCa,Canadian Stuttering Association,john st,PRINT (OUTDOOR),CAMPAIGN,Shortlist,https://www.geretyawards.com/winners/2025/entry/177410/stutter-ca-canadian-stuttering-association
Gerety Awards,2025,WORK FOR GOOD CUT ,Sugarcane Vinyl,BACARDI,BBDO New York,PRODUCT & PACKAGING DESIGN,SINGLE,Shortlist,https://www.geretyawards.com/winners/2025/entry/187663/sugarcane-vinyl-bacard
Gerety Awards,2025,WORK FOR GOOD CUT ,Tennessee Sound Sites,Tennessee Department of Tourist Development,VML Kansas City,DIGITAL,SINGLE,Shortlist,https://www.geretyawards.com/winners/2025/entry/187131/tennessee-sound-sites-tennessee-department-of-tourist-development
Gerety Awards,2025,WORK FOR GOOD CUT ,The Ad No Man Saw,24/7 Emergency Room of the Hamburg Womens Shelters,Grabarz & Partner,PRINT (PRESS),SINGLE,Shortlist,https://www.geretyawards.com/winners/2025/entry/186668/the-ad-no-man-saw-24-7-emergency-room-of-the-hamburg-women-s-shelters
Gerety Awards,2025,WORK FOR GOOD CUT ,The Ad No Man Saw,24/7 Emergency Room of the Hamburg Womens Shelters,Grabarz & Partner,ALTERNATIVE,SINGLE,Shortlist,https://www.geretyawards.com/winners/2025/entry/186667/the-ad-no-man-saw-24-7-emergency-room-of-the-hamburg-women-s-shelters
Gerety Awards,2025,WORK FOR GOOD CUT ,The Black Dog(s),Seconde Chance,BETC,DIGITAL,SINGLE,Shortlist,https://www.geretyawards.com/winners/2025/entry/187275/the-black-dog-s-seconde-chance
Gerety Awards,2025,WORK FOR GOOD CUT ,The Unofficial Discipline,ottobock,PRESENCE,PRINT (OUTDOOR),CAMPAIGN,Shortlist,https://www.geretyawards.com/winners/2025/entry/180273/the-unofficial-discipline-ottobock
Gerety Awards,2025,WORK FOR GOOD CUT ,The Wash Less Project,Whirlpool,VML Italy,PRODUCT & PACKAGING DESIGN,SINGLE,Shortlist,https://www.geretyawards.com/winners/2025/entry/186395/the-wash-less-project-whirlpool
Gerety Awards,2025,WORK FOR GOOD CUT ,The big shake up,Aktion Deutschland Hilft eV (Alliance of German Aid Organisations),Havas Germany,,INTEGRATED,Shortlist,https://www.geretyawards.com/winners/2025/entry/175403/the-big-shake-up-aktion-deutschland-hilft-e-v-alliance-of-german-aid-organisations
