Festival,Year,Track,Title,Brand,Agency,Contributing_Agencies,Category,Country,Award Level,Permalink
Effie Awards Latam,2025,Single-Market,ShellBox como piloto del viaje a la nostalgia,Shell,Don by Havas,,Vehicles accessories,Argentina,Shortlist,/awards/effie_latam/2025/campaigns/shellbox-como-piloto-del-viaje-a-la-nostalgia-shell-don-by-havas-2025/
Effie Awards Latam,2025,Single-Market,Tienda de Inconveniencia,Vibra,PROS,Wado Gonçalves / Diego Ognibeni,Vehicles accessories,Brasil,Shortlist,/awards/effie_latam/2025/campaigns/tienda-de-inconveniencia-vibra-pros-2025/
Effie Awards Latam,2025,Single-Market,Lays Natural desde el campo hasta el paquete,Lay s,AlmapBBDO,Ampfy,Food,Brasil,Shortlist,/awards/effie_latam/2025/campaigns/lays-natural-desde-el-campo-hasta-el-paquete-lay-s-almapbbdo-2025/
Effie Awards Latam,2025,Single-Market,BK - No LaBK,Burger King,AlmapBBDO,Jotacom / Streetwise,Food,Brasil,Shortlist,/awards/effie_latam/2025/campaigns/bk-no-labk-burger-king-almapbbdo-2025/
Effie Awards Latam,2025,Single-Market,Hellmanns + Pedrito Sola otra oportunidad,Hellmanns,Initiative México,Épica,Food,México,Shortlist,/awards/effie_latam/2025/campaigns/hellmanns-pedrito-sola-otra-oportunidad-hellmanns-initiative-mexico-2025/
Effie Awards Latam,2025,Single-Market,UFOAM- cabezas en juego,Nissin,Dentsu Creative,,Food,Brasil,Shortlist,/awards/effie_latam/2025/campaigns/ufoam-cabezas-en-juego-nissin-dentsu-creative-2025/
Effie Awards Latam,2025,Single-Market,¿Quién carajos comió maní?,Compañía Nacional de Chocolates,Sancho BBDO,,Small budget - Products,Colombia,Shortlist,/awards/effie_latam/2025/campaigns/quien-carajos-comio-mani-compania-nacional-de-chocolates-sancho-bbdo-2025/
Effie Awards Latam,2025,Single-Market,Certificada por el sol,Corona Extra,Gut,,Small budget - Products,México,Shortlist,/awards/effie_latam/2025/campaigns/certificada-por-el-sol-corona-extra-gut-2025/
Effie Awards Latam,2025,Single-Market,Leroy MerlinYour homes offers,Leroy Merlin,MRM,,Small budget - Products,Brasil,Shortlist,/awards/effie_latam/2025/campaigns/leroy-merlinyour-homes-offers-leroy-merlin-mrm-2025/
Effie Awards Latam,2025,Single-Market,Pomarolarecetario bailable 100% hecho con AI,Pomarola,Potro,Initiative Media,Small budget - Products,Perú,Shortlist,/awards/effie_latam/2025/campaigns/pomarolarecetario-bailable-100-hecho-con-ai-pomarola-potro-2025/
Effie Awards Latam,2025,Single-Market,Tacorcholata,Victoria,Wieden + Kennedy,,Small budget - Products,México,Shortlist,/awards/effie_latam/2025/campaigns/tacorcholata-victoria-wieden-kennedy-2025/
Effie Awards Latam,2025,Single-Market,Por un Perú sin papelones,Paracas,Boost Brand Accelerator,,Small budget - Products,Perú,Shortlist,/awards/effie_latam/2025/campaigns/por-un-peru-sin-papelones-paracas-boost-brand-accelerator-2025/
Effie Awards Latam,2025,Single-Market,Priceless walls,Home Vega,Beflamingo Agency,Karina Burgos,Small budget - Products,Ecuador,Shortlist,/awards/effie_latam/2025/campaigns/priceless-walls-home-vega-beflamingo-agency-2025/
Effie Awards Latam,2025,Single-Market,Decí fulbo,TaDa,draftLine BUE,,Small budget - Products,Argentina,Shortlist,/awards/effie_latam/2025/campaigns/deci-fulbo-tada-draftline-bue-2025/
Effie Awards Latam,2025,Single-Market,T-Search,ONG Mães da Sé,Cappuccino,Shotfilmes/Ultrassom Music Ideas/Weber Shandwick (Brasil)/Powell Tate Brazil,Small Budget - Non-profit,Brasil,Shortlist,/awards/effie_latam/2025/campaigns/t-search-ong-maes-da-se-cappuccino-2025/
Effie Awards Latam,2025,Single-Market,Andina Patrocinador oficial del fútbol NO profesional colombiano,Cerveza Andina,Sancho BBDO y OMD,,Beverages - alcohol,Colombia,Shortlist,/awards/effie_latam/2025/campaigns/andina-patrocinador-oficial-del-futbol-no-profesional-colombiano-cerveza-andina-sancho-bbdo-y-omd-2025/
Effie Awards Latam,2025,Single-Market,Sponsor de la suerte,Schneider,Mercado McCann,,Beverages - alcohol,Argentina,Shortlist,/awards/effie_latam/2025/campaigns/sponsor-de-la-suerte-schneider-mercado-mccann-2025/
Effie Awards Latam,2025,Single-Market,Steal Artois,Anheuser-Busch InBev,VML,Alta Comunicación/Zenith (Chile),Beverages - alcohol,Chile,Shortlist,/awards/effie_latam/2025/campaigns/steal-artois-anheuser-busch-inbev-vml-2025/
Effie Awards Latam,2025,Single-Market,Johnnie Walker - Fuerte son ellas,Johnnie Walker,AlmapBBDO,,Beverages - alcohol,Brasil,Shortlist,/awards/effie_latam/2025/campaigns/johnnie-walker-fuerte-son-ellas-johnnie-walker-almapbbdo-2025/
Effie Awards Latam,2025,Single-Market,Eclipsed legacies,Dante Robino (AB InBev),TombrasNiña,,Beverages - alcohol,Argentina,Shortlist,/awards/effie_latam/2025/campaigns/eclipsed-legacies-dante-robino-ab-inbev-tombrasnina-2025/
Effie Awards Latam,2025,Single-Market,Recuérdame viviendo,Victoria,Wieden + Kennedy México,Agencia Montalvo/Zenith MediaTrendsétera de México,Beverages - alcohol,México,Shortlist,/awards/effie_latam/2025/campaigns/recuerdame-viviendo-victoria-wieden-kennedy-mexico-2025/
Effie Awards Latam,2025,Single-Market,Imagina con petacos,Cerveza Poker,DDB Colombia y Buentipo,,Beverages - alcohol,Colombia,Shortlist,/awards/effie_latam/2025/campaigns/imagina-con-petacos-cerveza-poker-ddb-colombia-y-buentipo-2025/
Effie Awards Latam,2025,Single-Market,MixMyEmojis la nueva manera de buscar,Pernod Ricard,Dentsu Creative,,Beverages - alcohol,Brasil,Shortlist,/awards/effie_latam/2025/campaigns/mixmyemojis-la-nueva-manera-de-buscar-pernod-ricard-dentsu-creative-2025/
Effie Awards Latam,2025,Single-Market,En fiestas patrias celebremos nuestras diferencias con eso que nos une,Inca Kola y Arca Continental Lindley,McCann Lima,EssenceMediacom Perú/Burson Perú/VML Perú,Beverages - non alcohol,Perú,Shortlist,/awards/effie_latam/2025/campaigns/en-fiestas-patrias-celebremos-nuestras-diferencias-con-eso-que-nos-une-inca-kola-y-arca-continental-lindley-mccann-lima/
Effie Awards Latam,2025,Single-Market,Madres,7UP,ISLA,Landia,Beverages - non alcohol,México,Shortlist,/awards/effie_latam/2025/campaigns/madres-7up-isla-2025/
Effie Awards Latam,2025,Single-Market,Lo estás haciendo bien,Gloria,Fahrenheit DDB,Starcom - Publicis Groupe,Beverages - non alcohol,Perú,Shortlist,/awards/effie_latam/2025/campaigns/lo-estas-haciendo-bien-gloria-fahrenheit-ddb-2025/
Effie Awards Latam,2025,Single-Market,Juntos en todas,Coca-Cola,Grey Argentina,,Beverages - non alcohol,Argentina,Shortlist,/awards/effie_latam/2025/campaigns/juntos-en-todas-coca-cola-grey-argentina-2025/
Effie Awards Latam,2025,Single-Market,¿Y si el daño fuera belleza?,Dove,VML e Initiative Argentina,Paramount +/Mercado ads/Medialab,Beauty & Wellness,Argentina,Shortlist,/awards/effie_latam/2025/campaigns/y-si-el-dano-fuera-belleza-dove-vml-e-initiative-argentina-2025/
Effie Awards Latam,2025,Single-Market,Toda tu piel importa,Dove,VML e Initiative Argentina,Mercado ads/Medialab,Beauty & Wellness,Argentina,Shortlist,/awards/effie_latam/2025/campaigns/toda-tu-piel-importa-dove-vml-e-initiative-argentina-2025/
Effie Awards Latam,2025,Single-Market,Un Argentino no te abandona Rexona tampoco,Rexona,Zurda e Initiative Argentina,Medialab/CATCH,Beauty & Wellness,Argentina,Shortlist,/awards/effie_latam/2025/campaigns/un-argentino-no-te-abandona-rexona-tampoco-rexona-zurda-e-initiative-argentina-2025/
Effie Awards Latam,2025,Single-Market,Clears winning play against Dandruff,Clear y Unilever Brasil,MullenLowe Singapore,,Beauty & Wellness,Singapur,Shortlist,/awards/effie_latam/2025/campaigns/clears-winning-play-against-dandruff-clear-y-unilever-brasil-mullenlowe-singapore-2025/
Effie Awards Latam,2025,Single-Market,Newborn parents,Johnsons Baby,UM Brasil,,Beauty & Wellness,Brasil,Shortlist,/awards/effie_latam/2025/campaigns/newborn-parents-johnsons-baby-um-brasil-2025/
Effie Awards Latam,2025,Single-Market,El buen diente,Dento,RT& Lima,MediaHub/Grupo Lucky,Beauty & Wellness,Perú,Shortlist,/awards/effie_latam/2025/campaigns/el-buen-diente-dento-rt-and-lima-2025/
Effie Awards Latam,2025,Single-Market,Wheres ratinhos water?,Unicef,VML,,Beauty & Wellness,Brasil,Shortlist,/awards/effie_latam/2025/campaigns/wheres-ratinhos-water-unicef-vml-2025/
Effie Awards Latam,2025,Single-Market,This is not a game,Movistar,VML,Havas Group México,Beauty & Wellness,México,Shortlist,/awards/effie_latam/2025/campaigns/this-is-not-a-game-movistar-vml-2025/
Effie Awards Latam,2025,Single-Market,ElectrocardiogrAMSTEL,Amstel,AlmapBBDO,Iprospect (Brasil)/Agência Lema/Círculo CRM,Beauty & Wellness,Brasil,Shortlist,/awards/effie_latam/2025/campaigns/electrocardiogramstel-amstel-almapbbdo-2025/
Effie Awards Latam,2025,Single-Market,Historias de heladera,Hellmanns Argentina,Ogilvy Argentina e Initiative Argentina,Media Lab,Beauty & Wellness,Argentina,Shortlist,/awards/effie_latam/2025/campaigns/historias-de-heladera-hellmanns-argentina-ogilvy-argentina-e-initiative-argentina-2025/
Effie Awards Latam,2025,Single-Market,Me vale Cheetos,Cheetos,Slap Global,,Beauty & Wellness,Argentina,Shortlist,/awards/effie_latam/2025/campaigns/me-vale-cheetos-cheetos-slap-global-2025/
Effie Awards Latam,2025,Single-Market,Invocando al rey en Halloween,Burger King Puerto Rico,De la Cruz Ogilvy,,Beauty & Wellness,Puerto Rico,Shortlist,/awards/effie_latam/2025/campaigns/invocando-al-rey-en-halloween-burger-king-puerto-rico-de-la-cruz-ogilvy-2025/
Effie Awards Latam,2025,Single-Market,The Good Hacker,ICBC,VML Argentina,,Beauty & Wellness,Argentina,Shortlist,/awards/effie_latam/2025/campaigns/the-good-hacker-icbc-vml-argentina-2025/
Effie Awards Latam,2025,Single-Market,El Himno de Colombia interpretado por su biodiversidadEl símbolo que puso a hablar al país de orgullo,Seguros Sura,sostenibilidad y de Sura de McCann Worldgroup Colombia y UM Universal McCann Colombia,Miguel de Narváez/Craft Colombia/Burson Colombia,Beauty & Wellness,Colombia,Shortlist,/awards/effie_latam/2025/campaigns/el-himno-de-colombia-interpretado-por-su-biodiversidadel-simbolo-que-puso-a-hablar-al-pais-de-orgullo-seguros-sura-soste/
Effie Awards Latam,2025,Single-Market,La mancha invisible,Reckitt / Vanish,BETC Havas,Lobo/DaHouse Audio/Abrace – Bull/ ing Prevention Institute,Beauty & Wellness,Brasil,Shortlist,/awards/effie_latam/2025/campaigns/la-mancha-invisible-reckitt-vanish-betc-havas-2025/
Effie Awards Latam,2025,Single-Market,KitKot,KitKat,Ogilvy Brasil,Media Brands/Allfluencesailor Studio,Beauty & Wellness,Brasil,Shortlist,/awards/effie_latam/2025/campaigns/kitkot-kitkat-ogilvy-brasil-2025/
Effie Awards Latam,2025,Single-Market,Romeo and Juliet by BIC,BIC,VML,Hogarth Worldwide Brasil/Carbono Sound LAB/Bolha/OIO,Beauty & Wellness,Brasil,Shortlist,/awards/effie_latam/2025/campaigns/romeo-and-juliet-by-bic-bic-vml-2025/
Effie Awards Latam,2025,Single-Market,Nubanc por Matt LeBlanc,Nubank,Wieden + Kennedy,,Beauty & Wellness,Brasil,Shortlist,/awards/effie_latam/2025/campaigns/nubanc-por-matt-leblanc-nubank-wieden-kennedy-2025/
Effie Awards Latam,2025,Single-Market,Te amarásLa canción de amor que no sabías que escribiste,Amarás,Marte Creative House y Valor Group,Media Hub/LLYC,Beauty & Wellness,Perú,Shortlist,/awards/effie_latam/2025/campaigns/te-amarasla-cancion-de-amor-que-no-sabias-que-escribiste-amaras-marte-creative-house-y-valor-group-2025/
Effie Awards Latam,2025,Single-Market,"El Tinder"" de seguros",Contigo Soluciones,Liquid Digital Agency,Ninja SRL/Panamericana/Adelobo Estudio de Sonido,Beauty & Wellness,República Dominicana,Shortlist,/awards/effie_latam/2025/campaigns/el-tinder-de-seguros-contigo-soluciones-liquid-digital-agency-2025/
Effie Awards Latam,2025,Single-Market,Pomarolarecetario bailable 100% hecho con AI,Pomarola,Potro,Initiative Media,Beauty & Wellness,Perú,Shortlist,/awards/effie_latam/2025/campaigns/pomarolarecetario-bailable-100-hecho-con-ai-pomarola-potro-2025-2/
Effie Awards Latam,2025,Single-Market,Conectamos con lo que nos mueve Ecuador,Movistar,Ogilvy Ecuador - Compañía Rednet Ecuador Ecuarednet S.A,Havas Ecuador,Beauty & Wellness,Ecuador,Shortlist,/awards/effie_latam/2025/campaigns/conectamos-con-lo-que-nos-mueve-ecuador-movistar-ogilvy-ecuador-compania-rednet-ecuador-ecuarednet-sa-2025/
Effie Awards Latam,2025,Single-Market,Las 7 mujeres la película que desenmascaró al asesino silencioso del VPH,MSD Colombia,McCann Worldgroup Colombia y Weber Shandwick Colombia,Performer S,Beauty & Wellness,Colombia,Shortlist,/awards/effie_latam/2025/campaigns/las-7-mujeres-la-pelicula-que-desenmascaro-al-asesino-silencioso-del-vph-msd-colombia-mccann-worldgroup-colombia-y-weber/
Effie Awards Latam,2025,Single-Market,Tierras,ICBC,Centralia Media & Content,Paramount,Beauty & Wellness,Argentina,Shortlist,/awards/effie_latam/2025/campaigns/tierras-icbc-centralia-media-and-content-2025/
Effie Awards Latam,2025,Single-Market,De la razón al corazón el giro que cambió el vínculo de Santander con las Pymes,Santander,Don by Havas,,Beauty & Wellness,Argentina,Shortlist,/awards/effie_latam/2025/campaigns/de-la-razon-al-corazon-el-giro-que-cambio-el-vinculo-de-santander-con-las-pymes-santander-don-by-havas-2025/
Effie Awards Latam,2025,Single-Market,La frutería ideal,Leche Evaporada Ideal,McCann Panamá,,Beauty & Wellness,Panamá,Shortlist,/awards/effie_latam/2025/campaigns/la-fruteria-ideal-leche-evaporada-ideal-mccann-panama-2025/
Effie Awards Latam,2025,Single-Market,Handy es un hit,Handy,Publicis Impetu,Zenith Media Uruguay,Beauty & Wellness,Uruguay,Shortlist,/awards/effie_latam/2025/campaigns/handy-es-un-hit-handy-publicis-impetu-2025/
Effie Awards Latam,2025,Single-Market,Con Aguila Light la lealtad nunca se derrite,Aguila Light,David,,Beauty & Wellness,Colombia,Shortlist,/awards/effie_latam/2025/campaigns/con-aguila-light-la-lealtad-nunca-se-derrite-aguila-light-david-2025/
Effie Awards Latam,2025,Single-Market,Medusa La serie que se auto-censuró,Netflix,Sancho BBDO,Flare BBDO,Beauty & Wellness,Colombia,Shortlist,/awards/effie_latam/2025/campaigns/medusa-la-serie-que-se-auto-censuro-netflix-sancho-bbdo-2025/
Effie Awards Latam,2025,Single-Market,Pedro Sola segunda oportunidad,Hellmanns,Initiative México,Épica,Beauty & Wellness,México,Shortlist,/awards/effie_latam/2025/campaigns/pedro-sola-segunda-oportunidad-hellmanns-initiative-mexico-2025/
Effie Awards Latam,2025,Single-Market,1 Minuto al corazón,Pingüino,Initiative,,Beauty & Wellness,Ecuador,Shortlist,/awards/effie_latam/2025/campaigns/1-minuto-al-corazon-pinguino-initiative-2025/
Effie Awards Latam,2025,Single-Market,Outside book from screens to the sun,Fruittella,VML,Sweet Filmes,Beauty & Wellness,Brasil,Shortlist,/awards/effie_latam/2025/campaigns/outside-book-from-screens-to-the-sun-fruittella-vml-2025/
Effie Awards Latam,2025,Single-Market,Seguro ficticio ¿Tu personaje favorito se murió? ¡Felicitaciones ganaste!,RCN y Seguros del Estado,DDB Colombia y Multi,,Beauty & Wellness,Colombia,Shortlist,/awards/effie_latam/2025/campaigns/seguro-ficticio-tu-personaje-favorito-se-murio-felicitaciones-ganaste-rcn-y-seguros-del-estado-ddb-colombia-y-multi-2025/
Effie Awards Latam,2025,Single-Market,El precio Kimberly Despertando a todo un país para ver marcha atlética de madrugada,plazaVea,Fahrenheit DDB,,Beauty & Wellness,Perú,Shortlist,/awards/effie_latam/2025/campaigns/el-precio-kimberly-despertando-a-todo-un-pais-para-ver-marcha-atletica-de-madrugada-plazavea-fahrenheit-ddb-2025/
Effie Awards Latam,2025,Single-Market,Latam Airlines - Lady Gaga,Latam Airlines,MRM y WMcCann,Jazz Side/Somos Fans,Beauty & Wellness,Brasil,Shortlist,/awards/effie_latam/2025/campaigns/latam-airlines-lady-gaga-latam-airlines-mrm-y-wmccann-2025/
Effie Awards Latam,2025,Single-Market,Arrepentidos,Entel,McCann Chile,PHD/Meat,Beauty & Wellness,Chile,Shortlist,/awards/effie_latam/2025/campaigns/arrepentidos-entel-mccann-chile-2025/
Effie Awards Latam,2025,Single-Market,Patrocinio boca sucia,CIF,Droga5 São Paulo,Initiative Brasil,Beauty & Wellness,Brasil,Shortlist,/awards/effie_latam/2025/campaigns/patrocinio-boca-sucia-cif-droga5-sao-paulo-2025/
Effie Awards Latam,2025,Single-Market,Dove - only available in Brazil,Dove,David Agency y Tastemakers Assessoria De Comunicacao LTDA,Initiative/BR Media Group,Beauty & Wellness,Brasil,Shortlist,/awards/effie_latam/2025/campaigns/dove-only-available-in-brazil-dove-david-agency-y-tastemakers-assessoria-de-comunicacao-ltda-2025/
Effie Awards Latam,2025,Single-Market,Switch de saboresConfuso hasta probarlas,Switch de Sabores,BBDO México,,Beauty & Wellness,México,Shortlist,/awards/effie_latam/2025/campaigns/switch-de-saboresconfuso-hasta-probarlas-switch-de-sabores-bbdo-mexico-2025/
Effie Awards Latam,2025,Single-Market,Fiat De un limón una goleada,Fiat,Leo Burnett Tailor Made,Globo Comunicacao e Participacoes,Beauty & Wellness,Brasil,Shortlist,/awards/effie_latam/2025/campaigns/fiat-de-un-limon-una-goleada-fiat-leo-burnett-tailor-made-2025/
Effie Awards Latam,2025,Single-Market,Medusa La serie que se auto-censuró,Netflix,Sancho BBDO,Flare BBDO,Media companies & entertainment,Colombia,Shortlist,/awards/effie_latam/2025/campaigns/medusa-la-serie-que-se-auto-censuro-netflix-sancho-bbdo-2025-2/
Effie Awards Latam,2025,Single-Market,Pedigree Caramelo el mestizo amado de Brasil ahora tiene Pedigree,Pedigree,AlmapBBDO,,Pet care,Brasil,Shortlist,/awards/effie_latam/2025/campaigns/pedigree-caramelo-el-mestizo-amado-de-brasil-ahora-tiene-pedigree-pedigree-almapbbdo-2025/
Effie Awards Latam,2025,Single-Market,Report this ad,Veris,Paradais DDB,,Healthcare,Ecuador,Shortlist,/awards/effie_latam/2025/campaigns/report-this-ad-veris-paradais-ddb-2025/
Effie Awards Latam,2025,Single-Market,Glowing relief,Alivia Health,De la Cruz Ogilvy,,Healthcare,Puerto Rico,Shortlist,/awards/effie_latam/2025/campaigns/glowing-relief-alivia-health-de-la-cruz-ogilvy-2025/
Effie Awards Latam,2025,Single-Market,El 7 mujeres la película que desenmascaró al asesino silencioso del VPH,MSD Colombia,McCann Worldgroup Colombia y Weber Shandwick Colombia,Performer /Craft Colombia,Healthcare,Colombia,Shortlist,/awards/effie_latam/2025/campaigns/el-7-mujeres-la-pelicula-que-desenmascaro-al-asesino-silencioso-del-vph-msd-colombia-mccann-worldgroup-colombia-y-weber/
Effie Awards Latam,2025,Single-Market,Sensodyne limpia placas,Sensodyne,Publicis LeOne,,Healthcare,Brasil,Shortlist,/awards/effie_latam/2025/campaigns/sensodyne-limpia-placas-sensodyne-publicis-leone-2025/
Effie Awards Latam,2025,Single-Market,Clear the Air,Listerine,UM Brasil (Brasil),Spark,Healthcare,Brasil,Shortlist,/awards/effie_latam/2025/campaigns/clear-the-air-listerine-um-brasil-brasil-2025/
Effie Awards Latam,2025,Single-Market,La reserva rosa,La Liga Rosa,Rosado Toledo &,mesa 24/7,Healthcare,Perú,Shortlist,/awards/effie_latam/2025/campaigns/la-reserva-rosa-la-liga-rosa-rosado-toledo-and-2025/
Effie Awards Latam,2025,Single-Market,The test list,Grupo Omint,TombrasNiña,,Healthcare,Argentina,Shortlist,/awards/effie_latam/2025/campaigns/the-test-list-grupo-omint-tombrasnina-2025/
Effie Awards Latam,2025,Single-Market,Realty for gamers,Minutocorp,Garnier BBDO,,Healthcare,Ecuador,Shortlist,/awards/effie_latam/2025/campaigns/realty-for-gamers-minutocorp-garnier-bbdo-2025/
Effie Awards Latam,2025,Single-Market,Tacorcholata,Victoria,Wieden + Kennedy,Wieden + Kennedy,Healthcare,México,Shortlist,/awards/effie_latam/2025/campaigns/tacorcholata-victoria-wieden-kennedy-2025-2/
Effie Awards Latam,2025,Single-Market,Equinox EV,Equinox EV,McCann Worldgroup México,MRM,Healthcare,México,Shortlist,/awards/effie_latam/2025/campaigns/equinox-ev-equinox-ev-mccann-worldgroup-mexico-2025/
Effie Awards Latam,2025,Single-Market,Promesas absurdas,ASDRA,VML,,Healthcare,Argentina,Shortlist,/awards/effie_latam/2025/campaigns/promesas-absurdas-asdra-vml-2025/
Effie Awards Latam,2025,Single-Market,Próxima estación Ikea,Ikea,Havas Hoy,Arena Media,Healthcare,México,Shortlist,/awards/effie_latam/2025/campaigns/proxima-estacion-ikea-ikea-havas-hoy-2025/
Effie Awards Latam,2025,Single-Market,El secreto de la TV como generador de tráfico digital,Mercado Libre,UM,Meet Super/Gut Agency (México),Healthcare,México,Shortlist,/awards/effie_latam/2025/campaigns/el-secreto-de-la-tv-como-generador-de-trafico-digital-mercado-libre-um-2025/
Effie Awards Latam,2025,Single-Market,El algoritmo que no entendía a la Gen Z,Tuenti,Havas Group,VML,Healthcare,Argentina,Shortlist,/awards/effie_latam/2025/campaigns/el-algoritmo-que-no-entendia-a-la-gen-z-tuenti-havas-group-2025/
Effie Awards Latam,2025,Single-Market,Democracia a la carta,La Hija del Pollero,MullenLowe Interamérica,,Healthcare,República Dominicana,Shortlist,/awards/effie_latam/2025/campaigns/democracia-a-la-carta-la-hija-del-pollero-mullenlowe-interamerica-2025/
Effie Awards Latam,2025,Single-Market,Andina Patrocinador oficial del fútbol NO profesional colombiano,Cerveza Andina,Sancho BBDO y OMD,,Healthcare,Colombia,Shortlist,/awards/effie_latam/2025/campaigns/andina-patrocinador-oficial-del-futbol-no-profesional-colombiano-cerveza-andina-sancho-bbdo-y-omd-2025-2/
Effie Awards Latam,2025,Single-Market,Algoritmos,Tuenti,VML Argentina,Havas Group,Healthcare,Argentina,Shortlist,/awards/effie_latam/2025/campaigns/algoritmos-tuenti-vml-argentina-2025/
Effie Awards Latam,2025,Single-Market,Domicilios con descuentos,TaDa y Cervepar,Wild Fi,Renovatio Films,Direct to consumer,Paraguay,Shortlist,/awards/effie_latam/2025/campaigns/domicilios-con-descuentos-tada-y-cervepar-wild-fi-2025/
Effie Awards Latam,2025,Single-Market,Glowing relief,Alivia Health,De la Cruz Ogilvy,,Direct to consumer,Puerto Rico,Shortlist,/awards/effie_latam/2025/campaigns/glowing-relief-alivia-health-de-la-cruz-ogilvy-2025-2/
Effie Awards Latam,2025,Single-Market,El sonido del divorcio,Calm es Simple,Ogilvy & Mather,,Direct to consumer,Argentina,Shortlist,/awards/effie_latam/2025/campaigns/el-sonido-del-divorcio-calm-es-simple-ogilvy-and-mather-2025/
Effie Awards Latam,2025,Single-Market,Dancing washers,Whirlpool,VML,,Retail media,México,Shortlist,/awards/effie_latam/2025/campaigns/dancing-washers-whirlpool-vml-2025/
Effie Awards Latam,2025,Single-Market,Te cambia la vida,On City,VML,Havas Argentina,Retail media,Argentina,Shortlist,/awards/effie_latam/2025/campaigns/te-cambia-la-vida-on-city-vml-2025/
Effie Awards Latam,2025,Single-Market,W1ngCod3s,Volaris,Havas Hoy,,Retail media,México,Shortlist,/awards/effie_latam/2025/campaigns/w1ngcod3s-volaris-havas-hoy-2025/
Effie Awards Latam,2025,Single-Market,Flavorhood,Sompopo,Ogilvy Honduras,,Retail media,Honduras,Shortlist,/awards/effie_latam/2025/campaigns/flavorhood-sompopo-ogilvy-honduras-2025/
Effie Awards Latam,2025,Single-Market,Skip Ad show,Emma / Gollo,Interaction,,Retail media,Costa Rica,Shortlist,/awards/effie_latam/2025/campaigns/skip-ad-show-emma-gollo-interaction-2025/
Effie Awards Latam,2025,Single-Market,Dancing washers,Whirlpool,VML,,Electronic & durables,México,Shortlist,/awards/effie_latam/2025/campaigns/dancing-washers-whirlpool-vml-2025-2/
Effie Awards Latam,2025,Single-Market,Te cambia la vida,On City,VML Argentina,Havas Argentina,Electronic & durables,Argentina,Shortlist,/awards/effie_latam/2025/campaigns/te-cambia-la-vida-on-city-vml-argentina-2025/
Effie Awards Latam,2025,Single-Market,Andina Patrocinador oficial del fútbol NO profesional colombiano,Cerveza Andina,Sancho BBDO y OMD,,Electronic & durables,Colombia,Shortlist,/awards/effie_latam/2025/campaigns/andina-patrocinador-oficial-del-futbol-no-profesional-colombiano-cerveza-andina-sancho-bbdo-y-omd-2025-3/
Effie Awards Latam,2025,Single-Market,Lag or bad,Xtrim,Paradais DDB,Broootv,Electronic & durables,Ecuador,Shortlist,/awards/effie_latam/2025/campaigns/lag-or-bad-xtrim-paradais-ddb-2025/
Effie Awards Latam,2025,Single-Market,Latam Airlines - Lady Gaga,Latam Airlines,MRM y WMcCann,Jazz Side/Somos Fans,Electronic & durables,Brasil,Shortlist,/awards/effie_latam/2025/campaigns/latam-airlines-lady-gaga-latam-airlines-mrm-y-wmccann-2025-2/
Effie Awards Latam,2025,Single-Market,Pedigree Caramelo el mestizo amado de Brasil ahora tiene Pedigree,Pedigree,AlmapBBDO,,Electronic & durables,Brasil,Shortlist,/awards/effie_latam/2025/campaigns/pedigree-caramelo-el-mestizo-amado-de-brasil-ahora-tiene-pedigree-pedigree-almapbbdo-2025-2/
Effie Awards Latam,2025,Single-Market,Abogados BK Taste,Burger King,AlmapBBDO,Jotacom/Streetwise,Electronic & durables,Brasil,Shortlist,/awards/effie_latam/2025/campaigns/abogados-bk-taste-burger-king-almapbbdo-2025/
Effie Awards Latam,2025,Single-Market,Car parts for life,Fundación Stefano y Plaza Las Américas y Del Caribe,De la Cruz Ogilvy,,Electronic & durables,Puerto Rico,Shortlist,/awards/effie_latam/2025/campaigns/car-parts-for-life-fundacion-stefano-y-plaza-las-americas-y-del-caribe-de-la-cruz-ogilvy-2025/
Effie Awards Latam,2025,Single-Market,Al verano llegamos todas,Dove,VML Argentina y Media Lab Agency,Initiative Argentina,Electronic & durables,Argentina,Shortlist,/awards/effie_latam/2025/campaigns/al-verano-llegamos-todas-dove-vml-argentina-y-media-lab-agency-2025/
Effie Awards Latam,2025,Single-Market,Dungeons & dragons - El episodio perdido,Hasbro,Ogilvy & Mather,Jovem Nerd/Os Bonequinhos,Electronic & durables,Brasil,Shortlist,/awards/effie_latam/2025/campaigns/dungeons-and-dragons-el-episodio-perdido-hasbro-ogilvy-and-mather-2025/
Effie Awards Latam,2025,Single-Market,Bis - the whatsapp saga,BIS,David,Hogarth Brasil/SMARTE,Electronic & durables,Brasil,Shortlist,/awards/effie_latam/2025/campaigns/bis-the-whatsapp-saga-bis-david-2025/
Effie Awards Latam,2025,Single-Market,DogYurt Justicia perruna,Alpina,Sancho BBDO y Starcom,Italcol de Occidente SAS/ Llorente / Cuenca S,Electronic & durables,Colombia,Shortlist,/awards/effie_latam/2025/campaigns/dogyurt-justicia-perruna-alpina-sancho-bbdo-y-starcom-2025/
Effie Awards Latam,2025,Single-Market,¿Ese producto? ¡Yo no lo voy a usar! TRESemmé hizo lo que ninguna marca se atrevió a hacer lanzar una anti-campaña para un producto anti-frizzElegimos vender verdad no promesas,TRESemmé,Out Of Office,Index Conectada/Initiative/Surreal Hotel Arts/Notan Studio,Electronic & durables,Brasil,Shortlist,/awards/effie_latam/2025/campaigns/ese-producto-yo-no-lo-voy-a-usar-tresemme-hizo-lo-que-ninguna-marca-se-atrevio-a-hacer-lanzar-una-anti-campana-para-un-p/
Effie Awards Latam,2025,Single-Market,RÖD - Mototemáticos,YPF,Zurda Agency,,Electronic & durables,Argentina,Shortlist,/awards/effie_latam/2025/campaigns/rod-mototematicos-ypf-zurda-agency-2025/
Effie Awards Latam,2025,Single-Market,Quilmes Rock,Quilmes,draftLine BUE,La América Buenos Aires,Electronic & durables,Argentina,Shortlist,/awards/effie_latam/2025/campaigns/quilmes-rock-quilmes-draftline-bue-2025/
Effie Awards Latam,2025,Single-Market,Recuérdame viviendo,Victoria,Wieden + Kennedy México,Agencia Montalvo/Zenith Media/Trendsétera de México,Electronic & durables,México,Shortlist,/awards/effie_latam/2025/campaigns/recuerdame-viviendo-victoria-wieden-kennedy-mexico-2025-2/
Effie Awards Latam,2025,Single-Market,Belos beijos Closeup,Closeup,MullenLowe Brasil e Initiative,Spark/Weber Shandwick (Brasil)/Feat,Electronic & durables,Brasil,Shortlist,/awards/effie_latam/2025/campaigns/belos-beijos-closeup-closeup-mullenlowe-brasil-e-initiative-2025/
Effie Awards Latam,2025,Single-Market,Gagacabanned,Santander,Droga5 São Paulo,CRIAmov/Vista,Electronic & durables,Brasil,Shortlist,/awards/effie_latam/2025/campaigns/gagacabanned-santander-droga5-sao-paulo-2025/
Effie Awards Latam,2025,Single-Market,Salvando pelotica de goma,Vacílate esto,La Web / Buentipo Venezuela y Buentipo Colombia,,Electronic & durables,Colombia,Shortlist,/awards/effie_latam/2025/campaigns/salvando-pelotica-de-goma-vacilate-esto-la-web-buentipo-venezuela-y-buentipo-colombia-2025/
Effie Awards Latam,2025,Single-Market,Dove - Only available in Brazil,Dove,David Agency y Tastemakers Assessoria De Comunicacao LTDA,Initiative/BR Media Group,Electronic & durables,Brasil,Shortlist,/awards/effie_latam/2025/campaigns/dove-only-available-in-brazil-dove-david-agency-y-tastemakers-assessoria-de-comunicacao-ltda-2025-2/
Effie Awards Latam,2025,Single-Market,Taylormania,Banco Patagonia,TombrasNiña,,Electronic & durables,Argentina,Shortlist,/awards/effie_latam/2025/campaigns/taylormania-banco-patagonia-tombrasnina-2025/
Effie Awards Latam,2025,Single-Market,Oreo - De copia a copiada Oreo conquista Brasil una mordida a la vez,Oreo - Longo Prazo,Leo Burnett Tailor Made,Netflix Brasil,Sustained success,Brasil,Shortlist,/awards/effie_latam/2025/campaigns/oreo-de-copia-a-copiada-oreo-conquista-brasil-una-mordida-a-la-vez-oreo-longo-prazo-leo-burnett-tailor-made-2025/
Effie Awards Latam,2025,Single-Market,FYS 50% menos azúcar y menos marketing,FYS,AlmapBBDO,Iprospect (Brasil),Sustained success,Brasil,Shortlist,/awards/effie_latam/2025/campaigns/fys-50-menos-azucar-y-menos-marketing-fys-almapbbdo-2025/
Effie Awards Latam,2025,Single-Market,Volkswagen Una reconexión histórica,Volkswagen,AlmapBBDO,,Sustained success,Brasil,Shortlist,/awards/effie_latam/2025/campaigns/volkswagen-una-reconexion-historica-volkswagen-almapbbdo-2025/
Effie Awards Latam,2025,Single-Market,ICBC un caso de éxito sostenido que es un SÍ,ICBC,Don by Havas,VML,Sustained success,Argentina,Shortlist,/awards/effie_latam/2025/campaigns/icbc-un-caso-de-exito-sostenido-que-es-un-si-icbc-don-by-havas-2025/
Effie Awards Latam,2025,Single-Market,Conectar con responsabilidad,Movistar,VML Argentina,Havas Plus,Sustained success,Argentina,Shortlist,/awards/effie_latam/2025/campaigns/conectar-con-responsabilidad-movistar-vml-argentina-2025/
Effie Awards Latam,2025,Single-Market,Mi país mi plata mi plataforma,Mercado Pago,Gut Argentina y Gut Brasil,,Sustained success,Argentina,Shortlist,/awards/effie_latam/2025/campaigns/mi-pais-mi-plata-mi-plataforma-mercado-pago-gut-argentina-y-gut-brasil-2025/
Effie Awards Latam,2025,Single-Market,No subestimes el efecto extra pip-cante de Flamin Hot,Flamin Hot,Isla República México e Isla República Argentina,,Sustained success,México,Shortlist,/awards/effie_latam/2025/campaigns/no-subestimes-el-efecto-extra-pip-cante-de-flamin-hot-flamin-hot-isla-republica-mexico-e-isla-republica-argentina-2025/
Effie Awards Latam,2025,Single-Market,N posibilidades construyendo la percepción,Nubank,Wieden + Kennedy,,Sustained success,Brasil,Shortlist,/awards/effie_latam/2025/campaigns/n-posibilidades-construyendo-la-percepcion-nubank-wieden-kennedy-2025/
Effie Awards Latam,2025,Single-Market,Electrolux de retador a líder,Electrolux,DPZ,,Sustained success,Brasil,Shortlist,/awards/effie_latam/2025/campaigns/electrolux-de-retador-a-lider-electrolux-dpz-2025/
Effie Awards Latam,2025,Single-Market,Fanta halloween Building a latin halloween celebration,Fanta,VML Brasil y Open X,Studio X/BCW,Sustained success,Brasil,Shortlist,/awards/effie_latam/2025/campaigns/fanta-halloween-building-a-latin-halloween-celebration-fanta-vml-brasil-y-open-x-2025/
Effie Awards Latam,2025,Single-Market,El Internet de los winners,Win,Lemon,,Sustained success,Perú,Shortlist,/awards/effie_latam/2025/campaigns/el-internet-de-los-winners-win-lemon-2025/
Effie Awards Latam,2025,Single-Market,Error perfecto Celebrando la improvisación brasileña,Nissin,Dentsu Creative Brasil,,Sustained success,Brasil,Shortlist,/awards/effie_latam/2025/campaigns/error-perfecto-celebrando-la-improvisacion-brasilena-nissin-dentsu-creative-brasil-2025/
Effie Awards Latam,2025,Single-Market,Andes Origen,Andes Origen,New Creative Sciences,Impero Buenos aires/draftLine BUE,Sustained success,Argentina,Shortlist,/awards/effie_latam/2025/campaigns/andes-origen-andes-origen-new-creative-sciences-2025/
Effie Awards Latam,2025,Single-Market,Wheres ratinhos water?,Unicef,VML,,Government & institutional,Brasil,Shortlist,/awards/effie_latam/2025/campaigns/wheres-ratinhos-water-unicef-vml-2025-2/
Effie Awards Latam,2025,Single-Market,Worm food,Gobierno De Chile,VML,Global/Oriental Films,Government & institutional,Chile,Shortlist,/awards/effie_latam/2025/campaigns/worm-food-gobierno-de-chile-vml-2025/
Effie Awards Latam,2025,Single-Market,Dont stop motion,Gobierno de Chile,VML Chile,PunkRobot/Uff Contenidos,Government & institutional,Chile,Shortlist,/awards/effie_latam/2025/campaigns/dont-stop-motion-gobierno-de-chile-vml-chile-2025/
Effie Awards Latam,2025,Single-Market,Demands for giving,Giving Tuesday,De la Cruz Ogilvy,Culture Create,Government & institutional,Puerto Rico,Shortlist,/awards/effie_latam/2025/campaigns/demands-for-giving-giving-tuesday-de-la-cruz-ogilvy-2025/
Effie Awards Latam,2025,Single-Market,Clandestination Pistas de la belleza escondida,ProColombia,DDB Colombia,Quiroga Agencia de Medios,Government & institutional,Colombia,Shortlist,/awards/effie_latam/2025/campaigns/clandestination-pistas-de-la-belleza-escondida-procolombia-ddb-colombia-2025/
Effie Awards Latam,2025,Single-Market,Oreo - Modo Merlina - torturando galletas y asustando a la competencia,Oreo - Wandinha,Leo Burnett Tailor Made,Netflix Brasil,Candy snacks & desserts,Brasil,Shortlist,/awards/effie_latam/2025/campaigns/oreo-modo-merlina-torturando-galletas-y-asustando-a-la-competencia-oreo-wandinha-leo-burnett-tailor-made-2025/
Effie Awards Latam,2025,Single-Market,Club Social - Se no hay ajetreo no hay caso,Club Social - Xamã,Leo Burnett Tailor Made,,Candy snacks & desserts,Brasil,Shortlist,/awards/effie_latam/2025/campaigns/club-social-se-no-hay-ajetreo-no-hay-caso-club-social-xama-leo-burnett-tailor-made-2025/
Effie Awards Latam,2025,Single-Market,Outside Book from screens to the sun,Fruittella,VML,Sweet Filmes,Candy snacks & desserts,Brasil,Shortlist,/awards/effie_latam/2025/campaigns/outside-book-from-screens-to-the-sun-fruittella-vml-2025-2/
Effie Awards Latam,2025,Single-Market,Me vale Cheetos,Cheetos,Slap Global,,Candy snacks & desserts,Argentina,Shortlist,/awards/effie_latam/2025/campaigns/me-vale-cheetos-cheetos-slap-global-2025-2/
Effie Awards Latam,2025,Single-Market,Kacang Una intensa lluvia de sabor,Kacang,Don by Havas,,Candy snacks & desserts,México,Shortlist,/awards/effie_latam/2025/campaigns/kacang-una-intensa-lluvia-de-sabor-kacang-don-by-havas-2025/
Effie Awards Latam,2025,Single-Market,Estrellas Flamin Hot,Flamin Hot,Isla República México e Isla República Argentina,,Candy snacks & desserts,México,Shortlist,/awards/effie_latam/2025/campaigns/estrellas-flamin-hot-flamin-hot-isla-republica-mexico-e-isla-republica-argentina-2025/
Effie Awards Latam,2025,Single-Market,Auténticas Marias,Marias Gamesa,Isla República México e Isla República Argentina,Primo Content,Candy snacks & desserts,México,Shortlist,/awards/effie_latam/2025/campaigns/autenticas-marias-marias-gamesa-isla-republica-mexico-e-isla-republica-argentina-2025/
Effie Awards Latam,2025,Single-Market,Somos de otro planeta,Doritos,Isla República México e Isla República Argentina,Iconoclast,Candy snacks & desserts,México,Shortlist,/awards/effie_latam/2025/campaigns/somos-de-otro-planeta-doritos-isla-republica-mexico-e-isla-republica-argentina-2025/
Effie Awards Latam,2025,Single-Market,X-Hack,Trident XBOX,Publicis Group México,,Candy snacks & desserts,México,Shortlist,/awards/effie_latam/2025/campaigns/x-hack-trident-xbox-publicis-group-mexico-2025/
Effie Awards Latam,2025,Single-Market,Críticos del picante,Flamin Hot,Isla México e Isla Argentina,Lovster TV,Candy snacks & desserts,México,Shortlist,/awards/effie_latam/2025/campaigns/criticos-del-picante-flamin-hot-isla-mexico-e-isla-argentina-2025/
Effie Awards Latam,2025,Single-Market,"O Boticário un llamado para el planeta renascer""",O Boticário,AlmapBBDO,Rede Globo,Media idea,Brasil,Shortlist,/awards/effie_latam/2025/campaigns/o-boticario-un-llamado-para-el-planeta-renascer-o-boticario-almapbbdo-2025/
Effie Awards Latam,2025,Single-Market,Trident free fire - Suelta la skin al juego,Trident - Games,Leo Burnett Tailor Made,,Media idea,Brasil,Shortlist,/awards/effie_latam/2025/campaigns/trident-free-fire-suelta-la-skin-al-juego-trident-games-leo-burnett-tailor-made-2025/
Effie Awards Latam,2025,Single-Market,BK Pixvertising,Burger King,AlmapBBDO,Jotacom/Streetwise,Media idea,Brasil,Shortlist,/awards/effie_latam/2025/campaigns/bk-pixvertising-burger-king-almapbbdo-2025/
Effie Awards Latam,2025,Single-Market,Fanta beetlejuice re-possession,Fanta,Ogilvy & Mather,Iara Digital/A-gandaia Sound Compan/ /Amazon (Brasil)/Sailor Studio,Media idea,Brasil,Shortlist,/awards/effie_latam/2025/campaigns/fanta-beetlejuice-re-possession-fanta-ogilvy-and-mather-2025/
Effie Awards Latam,2025,Single-Market,Te hace grande,Milo/Nestlé,Ogilvy Chile y Ogilvy Argentina,Thrive,Media idea,Argentina,Shortlist,/awards/effie_latam/2025/campaigns/te-hace-grande-milonestle-ogilvy-chile-y-ogilvy-argentina-2025/
Effie Awards Latam,2025,Single-Market,Dolores de placa,Dorflex,Publicis Brasil,Media Monks/LiveMode/Spark Brasil,Media idea,Brasil,Shortlist,/awards/effie_latam/2025/campaigns/dolores-de-placa-dorflex-publicis-brasil-2025/
Effie Awards Latam,2025,Single-Market,T-Search,ONG Mães da Sé,Cappuccino,Shotfilmes/Ultrassom Music Ideas/Weber Shandwick (Brasil)/Powell Tate Brazil,Media idea,Brasil,Shortlist,/awards/effie_latam/2025/campaigns/t-search-ong-maes-da-se-cappuccino-2025-2/
Effie Awards Latam,2025,Single-Market,Fiat De un limón una goleada,Fiat,Leo Burnett Tailor Made,Globo Comunicacao e Participacoes S/A,Media idea,Brasil,Shortlist,/awards/effie_latam/2025/campaigns/fiat-de-un-limon-una-goleada-fiat-leo-burnett-tailor-made-2025-2/
Effie Awards Latam,2025,Single-Market,Heineken the loudest play list,Heineken,Dentsu Creative y Le Pub Brasil,Spotify,Media idea,Brasil,Shortlist,/awards/effie_latam/2025/campaigns/heineken-the-loudest-play-list-heineken-dentsu-creative-y-le-pub-brasil-2025/
Effie Awards Latam,2025,Single-Market,Tapos el plato hecho de lo que desperdiciabas,Bimbo de Colombia,McCann Worldgroup Colombia,PHD Colombia SAS/Weber Shandwick Colombia/Momentum Colombia/Craft Colombia,Positive change- Environmental - Brands,Colombia,Shortlist,/awards/effie_latam/2025/campaigns/tapos-el-plato-hecho-de-lo-que-desperdiciabas-bimbo-de-colombia-mccann-worldgroup-colombia-2025/
Effie Awards Latam,2025,Single-Market,Dont stop motion,Gobierno de Chile,VML,PunkRobot/Uff Contenidos,Positive change - Social good - Non profit,Chile,Shortlist,/awards/effie_latam/2025/campaigns/dont-stop-motion-gobierno-de-chile-vml-2025/
Effie Awards Latam,2025,Single-Market,Wheres ratinhos water?,Unicef,VML,,Positive change - Social good - Non profit,Brasil,Shortlist,/awards/effie_latam/2025/campaigns/wheres-ratinhos-water-unicef-vml-2025-3/
Effie Awards Latam,2025,Single-Market,T-Search,ONG Mães da Sé,Cappuccino,Shotfilmes/Ultrassom Music Ideas/Weber Shandwick (Brasil)/Powell Tate Brazil,Positive change - Social good - Non profit,Brasil,Shortlist,/awards/effie_latam/2025/campaigns/t-search-ong-maes-da-se-cappuccino-2025-3/
Effie Awards Latam,2025,Single-Market,This is not a game,Movistar,VML,Havas Group México,Positive change - Social good - Brands,México,Shortlist,/awards/effie_latam/2025/campaigns/this-is-not-a-game-movistar-vml-2025-2/
Effie Awards Latam,2025,Single-Market,Día de los padres O Boticário ¿Hasta cuándo vamos a pensar que 5 días son suficientes?,O Boticário,AlmapBBDO,,Positive change - Social good - Brands,Brasil,Shortlist,/awards/effie_latam/2025/campaigns/dia-de-los-padres-o-boticario-hasta-cuando-vamos-a-pensar-que-5-dias-son-suficientes-o-boticario-almapbbdo-2025/
Effie Awards Latam,2025,Single-Market,Dia de las madres O Boticário El amor siempre tiene un plan,O Boticário,AlmapBBDO,,Positive change - Social good - Brands,Brasil,Shortlist,/awards/effie_latam/2025/campaigns/dia-de-las-madres-o-boticario-el-amor-siempre-tiene-un-plan-o-boticario-almapbbdo-2025/
Effie Awards Latam,2025,Single-Market,Her Touch La guía para el placer femenino,O Boticário,AlmapBBDO,,Positive change - Social good - Brands,Brasil,Shortlist,/awards/effie_latam/2025/campaigns/her-touch-la-guia-para-el-placer-femenino-o-boticario-almapbbdo-2025/
Effie Awards Latam,2025,Single-Market,Pedigree Caramelo el mestizo amado de Brasil ahora tiene Pedigree,Pedigree,AlmapBBDO,,Positive change - Social good - Brands,Brasil,Shortlist,/awards/effie_latam/2025/campaigns/pedigree-caramelo-el-mestizo-amado-de-brasil-ahora-tiene-pedigree-pedigree-almapbbdo-2025-3/
Effie Awards Latam,2025,Single-Market,(Un)deleted,Dove,VML Argentina y Media Lab Agency,Bien Buenos Aires/Initiative Argentina/Mama Hungara,Positive change - Social good - Brands,Argentina,Shortlist,/awards/effie_latam/2025/campaigns/undeleted-dove-vml-argentina-y-media-lab-agency-2025/
Effie Awards Latam,2025,Single-Market,Más allá de los aros,Decathlon,Publicis,Sportv,Positive change - Social good - Brands,Brasil,Shortlist,/awards/effie_latam/2025/campaigns/mas-alla-de-los-aros-decathlon-publicis-2025/
Effie Awards Latam,2025,Single-Market,Outside Book from screens to the sun,Fruittella,VML,Sweet Filmes,Positive change - Social good - Brands,Brasil,Shortlist,/awards/effie_latam/2025/campaigns/outside-book-from-screens-to-the-sun-fruittella-vml-2025-3/
Effie Awards Latam,2025,Single-Market,Conejito Visibilizando el acogimiento temporal,América Televisión,Lemon,,Positive change - Social good - Brands,Perú,Shortlist,/awards/effie_latam/2025/campaigns/conejito-visibilizando-el-acogimiento-temporal-america-television-lemon-2025/
Effie Awards Latam,2025,Single-Market,El 7 mujeres la película que desenmascaró al asesino silencioso del VPH,MSD Colombia,McCann Worldgroup Colombia y Weber Shandwick Colombia,Performer S,Positive change - Social good - Brands,Colombia,Shortlist,/awards/effie_latam/2025/campaigns/el-7-mujeres-la-pelicula-que-desenmascaro-al-asesino-silencioso-del-vph-msd-colombia-mccann-worldgroup-colombia-y-webe-2/
Effie Awards Latam,2025,Single-Market,Gamers por Chile 3 aventura en el mundo oculto,Banco de Chile,DDB,Hearts / Science/La Vulca,Positive change - Social good - Brands,Chile,Shortlist,/awards/effie_latam/2025/campaigns/gamers-por-chile-3-aventura-en-el-mundo-oculto-banco-de-chile-ddb-2025/
Effie Awards Latam,2025,Single-Market,Car parts for life,Fundación Stefano y Plaza Las Américas y Del Caribe,De la Cruz Ogilvy,,Positive change - Social good - Brands,Puerto Rico,Shortlist,/awards/effie_latam/2025/campaigns/car-parts-for-life-fundacion-stefano-y-plaza-las-americas-y-del-caribe-de-la-cruz-ogilvy-2025-2/
Effie Awards Latam,2025,Single-Market,The test list,Grupo Omint,Tombras Niña,,Positive change - Social good - Brands,Argentina,Shortlist,/awards/effie_latam/2025/campaigns/the-test-list-grupo-omint-tombras-nina-2025/
Effie Awards Latam,2025,Single-Market,Vult beauty posters,Vult,AlmapBBDO,,Positive change - Diversity & inclusión,Brasil,Shortlist,/awards/effie_latam/2025/campaigns/vult-beauty-posters-vult-almapbbdo-2025/
Effie Awards Latam,2025,Single-Market,Unrecognized Idols,Mastercard,WMcCann,,Positive change - Diversity & inclusión,Brasil,Shortlist,/awards/effie_latam/2025/campaigns/unrecognized-idols-mastercard-wmccann-2025/
Effie Awards Latam,2025,Single-Market,Lays Comentarista Disfrazada,Lays,AlmapBBDO,Ampfy,Positive change - Diversity & inclusión,Brasil,Shortlist,/awards/effie_latam/2025/campaigns/lays-comentarista-disfrazada-lays-almapbbdo-2025/
Effie Awards Latam,2025,Single-Market,Bolsa de trabajo inclusiva,Fasinarm,Norlop VML,,Positive change - Diversity & inclusión,Ecuador,Shortlist,/awards/effie_latam/2025/campaigns/bolsa-de-trabajo-inclusiva-fasinarm-norlop-vml-2025/
Effie Awards Latam,2025,Single-Market,Día de los padres O Boticário ¿Hasta cuándo vamos a pensar que 5 días son suficientes?,O Boticário,AlmapBBDO,,Positive change - Diversity & inclusión,Brasil,Shortlist,/awards/effie_latam/2025/campaigns/dia-de-los-padres-o-boticario-hasta-cuando-vamos-a-pensar-que-5-dias-son-suficientes-o-boticario-almapbbdo-2025-2/
Effie Awards Latam,2025,Single-Market,Biblioteca casi vacía,Amazon,AlmapBBDO,,Positive change - Diversity & inclusión,Brasil,Shortlist,/awards/effie_latam/2025/campaigns/biblioteca-casi-vacia-amazon-almapbbdo-2025/
Effie Awards Latam,2025,Single-Market,Al verano llegamos todas,Dove,VML Argentina y Media Lab Agency,Initiative Argentina,Positive change - Diversity & inclusión,Argentina,Shortlist,/awards/effie_latam/2025/campaigns/al-verano-llegamos-todas-dove-vml-argentina-y-media-lab-agency-2025-2/
Effie Awards Latam,2025,Single-Market,Promesas absurdas,ASDRA,VML,,Positive change - Diversity & inclusión,Argentina,Shortlist,/awards/effie_latam/2025/campaigns/promesas-absurdas-asdra-vml-2025-2/
Effie Awards Latam,2025,Single-Market,Toda tu piel importa,Dove,VML e Initiative Argentina,Mercado ads/Medialab,Positive change - Diversity & inclusión,Argentina,Shortlist,/awards/effie_latam/2025/campaigns/toda-tu-piel-importa-dove-vml-e-initiative-argentina-2025-2/
Effie Awards Latam,2025,Single-Market,"Cuando sacas lo imposible"" de la cabeza todo cambia",Homecenter,Proximity BBDO e Initiative Colombia,Contenidos el Rey,Positive change - Diversity & inclusión,Colombia,Shortlist,/awards/effie_latam/2025/campaigns/cuando-sacas-lo-imposible-de-la-cabeza-todo-cambia-homecenter-proximity-bbdo-e-initiative-colombia-2025/
Effie Awards Latam,2025,Single-Market,No turning back,Royal Enfield,ArcherTroy,Not Normal,Positive change - Diversity & inclusión,México,Shortlist,/awards/effie_latam/2025/campaigns/no-turning-back-royal-enfield-archertroy-2025/
Effie Awards Latam,2025,Single-Market,Imagina con petacos,Cerveza Poker,DDB Colombia y Buentipo,,Positive change - Diversity & inclusión,Colombia,Shortlist,/awards/effie_latam/2025/campaigns/imagina-con-petacos-cerveza-poker-ddb-colombia-y-buentipo-2025-2/
Effie Awards Latam,2025,Single-Market,Fer,Save The Children,Agencia (anónimo),,Positive change - Diversity & inclusión,México,Shortlist,/awards/effie_latam/2025/campaigns/fer-save-the-children-agencia-anonimo-2025/
Effie Awards Latam,2025,Single-Market,(Re)search my body,Grupo Boticário,Gut Brasil,Vetor Zero/SoWhat/Máquina/Cabaret,Positive change - Diversity & inclusión,Brasil,Shortlist,/awards/effie_latam/2025/campaigns/research-my-body-grupo-boticario-gut-brasil-2025/
Effie Awards Latam,2025,Single-Market,Club Social - Se no hay ajetreo no hay caso,Club Social - Xamã,Leo Burnett Tailor Made,,Positive change - Diversity & inclusión,Brasil,Shortlist,/awards/effie_latam/2025/campaigns/club-social-se-no-hay-ajetreo-no-hay-caso-club-social-xama-leo-burnett-tailor-made-2025-2/
Effie Awards Latam,2025,Single-Market,Far Away How the discover y spread like gossip,Avon,VML,,Positive change - Diversity & inclusión,Brasil,Shortlist,/awards/effie_latam/2025/campaigns/far-away-how-the-discover-y-spread-like-gossip-avon-vml-2025/
Effie Awards Latam,2025,Single-Market,Medusa la serie que se auto-censuró,Netflix,De Sancho BBDO,Flare BBDO,Positive change - Diversity & inclusión,Colombia,Shortlist,/awards/effie_latam/2025/campaigns/medusa-la-serie-que-se-auto-censuro-netflix-de-sancho-bbdo-2025/
Effie Awards Latam,2025,Single-Market,Abogados BK Taste,Burger King,AlmapBBDO,Jotacom/Streetwise,Positive change - Diversity & inclusión,Brasil,Shortlist,/awards/effie_latam/2025/campaigns/abogados-bk-taste-burger-king-almapbbdo-2025-2/
Effie Awards Latam,2025,Single-Market,Demands for giving,Giving Tuesday,De la Cruz Ogilvy,Culture Create,Positive change - Diversity & inclusión,Puerto Rico,Shortlist,/awards/effie_latam/2025/campaigns/demands-for-giving-giving-tuesday-de-la-cruz-ogilvy-2025-2/
Effie Awards Latam,2025,Single-Market,(Un)deleted,Dove,VML Argentina y Media Lab Agency,Bien Buenos Aires/Initiative Argentina/Mama Hungara,Positive change - Diversity & inclusión,Argentina,Shortlist,/awards/effie_latam/2025/campaigns/undeleted-dove-vml-argentina-y-media-lab-agency-2025-2/
Effie Awards Latam,2025,Single-Market,Hugo Lombardi,Movistar,Betty La Fea a Movistar Marketing Manager de Ogilvy Ecuador - Compañía Rednet Ecuador Ecuarednet S.A,Havas Ecuador,Positive change - Diversity & inclusión,Ecuador,Shortlist,/awards/effie_latam/2025/campaigns/hugo-lombardi-movistar-betty-la-fea-a-movistar-marketing-manager-de-ogilvy-ecuador-compania-rednet-ecuador-ecuarednet-sa/
Effie Awards Latam,2025,Single-Market,Pide casi casi todo lo que tiene Checo,Uber Eats,OMD México,Wieden + Kennedy,Positive change - Diversity & inclusión,México,Shortlist,/awards/effie_latam/2025/campaigns/pide-casi-casi-todo-lo-que-tiene-checo-uber-eats-omd-mexico-2025/
Effie Awards Latam,2025,Single-Market,ActaLUISAte a Galaxy A,Samsung,Cheil Chile,Cabruja FIlms,Positive change - Diversity & inclusión,Chile,Shortlist,/awards/effie_latam/2025/campaigns/actaluisate-a-galaxy-a-samsung-cheil-chile-2025/
Effie Awards Latam,2025,Single-Market,Salvando pelotica de goma,Vacílate esto,La Web / Buentipo Venezuela y Buentipo Colombia,,Positive change - Diversity & inclusión,Colombia,Shortlist,/awards/effie_latam/2025/campaigns/salvando-pelotica-de-goma-vacilate-esto-la-web-buentipo-venezuela-y-buentipo-colombia-2025-2/
Effie Awards Latam,2025,Single-Market,Dove - only available in Brazil,Dove,David Agency y Tastemakers Assessoria De Comunicacao LTDA,Initiative/BR Media Group,Positive change - Diversity & inclusión,Brasil,Shortlist,/awards/effie_latam/2025/campaigns/dove-only-available-in-brazil-dove-david-agency-y-tastemakers-assessoria-de-comunicacao-ltda-2025-3/
Effie Awards Latam,2025,Single-Market,Corona Island,Corona,The Board,Bilbao Group,Positive change - Diversity & inclusión,Argentina,Shortlist,/awards/effie_latam/2025/campaigns/corona-island-corona-the-board-2025/
Effie Awards Latam,2025,Single-Market,Fiat A buen entendedor minuto y medio basta,Fiat,Leo Burnett Tailor Made,Essence MediaCom,Positive change - Diversity & inclusión,Brasil,Shortlist,/awards/effie_latam/2025/campaigns/fiat-a-buen-entendedor-minuto-y-medio-basta-fiat-leo-burnett-tailor-made-2025/
Effie Awards Latam,2025,Single-Market,YPF team radio,YPF,David Buenos Aires,,Positive change - Diversity & inclusión,Argentina,Shortlist,/awards/effie_latam/2025/campaigns/ypf-team-radio-ypf-david-buenos-aires-2025/
Effie Awards Latam,2025,Single-Market,"Max - El pingüino se apodera de Mercado Libre""",Warner Bros Discovery y Mercado Libre,Monks (Argentina),,Strategic brand integration,Argentina,Shortlist,/awards/effie_latam/2025/campaigns/max-el-pinguino-se-apodera-de-mercado-libre-warner-bros-discovery-y-mercado-libre-monks-argentina-2025/
Effie Awards Latam,2025,Single-Market,Un argentino no te abandona Rexona tampoco,Rexona,Zurda e Initiative Argentina,Medialab/Catch,Strategic brand integration,Argentina,Shortlist,/awards/effie_latam/2025/campaigns/un-argentino-no-te-abandona-rexona-tampoco-rexona-zurda-e-initiative-argentina-2025-2/
Effie Awards Latam,2025,Single-Market,Franco Delivered,Mercado Libre,Gut Argentina y Gut Brasil,Rebolucion,Strategic brand integration,Argentina,Shortlist,/awards/effie_latam/2025/campaigns/franco-delivered-mercado-libre-gut-argentina-y-gut-brasil-2025/
Effie Awards Latam,2025,Single-Market,Rockn Ride,Uber y Quilmes,Wieden + Kennedy,OMD,Strategic brand integration,Brasil,Shortlist,/awards/effie_latam/2025/campaigns/rockn-ride-uber-y-quilmes-wieden-kennedy-2025/
Effie Awards Latam,2025,Single-Market,Te Hace Grande,Milo/Nestlé,Ogilvy Chile y Ogilvy Argentina,Thrive,Strategic brand integration,Argentina,Shortlist,/awards/effie_latam/2025/campaigns/te-hace-grande-milonestle-ogilvy-chile-y-ogilvy-argentina-2025-2/
Effie Awards Latam,2025,Single-Market,El sexo reactiva la economía,Tulipán,Zurda Agency,Pulmon/Retina,Strategic brand integration,Argentina,Shortlist,/awards/effie_latam/2025/campaigns/el-sexo-reactiva-la-economia-tulipan-zurda-agency-2025/
Effie Awards Latam,2025,Single-Market,Seguro ficticio ¿Tu personaje favorito se murió? ¡Felicitaciones ganaste!,RCN y Seguros del Estado,DDB Colombia y Multi,,Strategic brand integration,Colombia,Shortlist,/awards/effie_latam/2025/campaigns/seguro-ficticio-tu-personaje-favorito-se-murio-felicitaciones-ganaste-rcn-y-seguros-del-estado-ddb-colombia-y-multi-20-2/
Effie Awards Latam,2025,Single-Market,Paketaxo Dark El alma dark de la fiesta,Paketaxo,Don by Havas,,New products or services (launches) - Line extensión,México,Shortlist,/awards/effie_latam/2025/campaigns/paketaxo-dark-el-alma-dark-de-la-fiesta-paketaxo-don-by-havas-2025/
Effie Awards Latam,2025,Single-Market,Abogados BK Taste,Burger King,AlmapBBDO,Jotacom/Streetwise,New products or services (launches) - Line extensión,Brasil,Shortlist,/awards/effie_latam/2025/campaigns/abogados-bk-taste-burger-king-almapbbdo-2025-3/
Effie Awards Latam,2025,Single-Market,Charitón de la tele a la góndola,Nestlé Perú,America TV,McCann Lima/Apoyo Comunicacion SA,New products or services (launches) - Line extensión,Perú,Shortlist,/awards/effie_latam/2025/campaigns/chariton-de-la-tele-a-la-gondola-nestle-peru-america-tv-2025/
Effie Awards Latam,2025,Single-Market,Mini Rooms,Newsan SA,Motorola,Quiroga,New products or services (launches) - Line extensión,Argentina,Shortlist,/awards/effie_latam/2025/campaigns/mini-rooms-newsan-sa-motorola-2025/
Effie Awards Latam,2025,Single-Market,Más energía para el break del laburante,Rockstar,Febrero,,New products or services (launches) - Line extensión,Argentina,Shortlist,/awards/effie_latam/2025/campaigns/mas-energia-para-el-break-del-laburante-rockstar-febrero-2025/
Effie Awards Latam,2025,Single-Market,Selladitos,Selladitos,Wild y PHD Guatemala,LDM Digital Guatemala Sociedad Anonima,New products or services (launches) - Line extensión,México,Shortlist,/awards/effie_latam/2025/campaigns/selladitos-selladitos-wild-y-phd-guatemala-2025/
Effie Awards Latam,2025,Single-Market,Hicimos historia haremos historia Sporting Cristal x Puma,Puma,Lemon,Havas Perú,New products or services (launches) - Line extensión,Perú,Shortlist,/awards/effie_latam/2025/campaigns/hicimos-historia-haremos-historia-sporting-cristal-x-puma-puma-lemon-2025/
Effie Awards Latam,2025,Single-Market,Perfume boomResults boom,Comfort Boom,Dark Kitchen Creatives,Initiative/BR Media Group/InPress Porter Novelli/The Co-Company,New products or services (launches) - Line extensión,Brasil,Shortlist,/awards/effie_latam/2025/campaigns/perfume-boomresults-boom-comfort-boom-dark-kitchen-creatives-2025/
Effie Awards Latam,2025,Single-Market,Switch de SaboresConfuso hasta probarlas,Switch de Sabores,BBDO México,,New products or services (launches) - Line extensión,México,Shortlist,/awards/effie_latam/2025/campaigns/switch-de-saboresconfuso-hasta-probarlas-switch-de-sabores-bbdo-mexico-2025-2/
Effie Awards Latam,2025,Single-Market,Big Mac,Mc Donald´s,OMD Chile,Leo Burnett,New products or services (launches) - Line extensión,Chile,Shortlist,/awards/effie_latam/2025/campaigns/big-mac-mc-donalds-omd-chile-2025/
Effie Awards Latam,2025,Single-Market,BGH Aires acondicionados - Charlas Acaloradas,BGH,McCann Buenos Aires,Initiative Argentina,Home maintenance & accessories,Argentina,Shortlist,/awards/effie_latam/2025/campaigns/bgh-aires-acondicionados-charlas-acaloradas-bgh-mccann-buenos-aires-2025/
Effie Awards Latam,2025,Single-Market,Patrocinio boca sucia,CIF,Droga5 São Paulo,Initiative Brasil,Home maintenance & accessories,Brasil,Shortlist,/awards/effie_latam/2025/campaigns/patrocinio-boca-sucia-cif-droga5-sao-paulo-2025-2/
Effie Awards Latam,2025,Single-Market,De plato a patrimonio nacional la épica historia del Encebollado,Encebollado Real,VML Ecuador Norlop y Wavemaker,,Topical marketing,Ecuador,Shortlist,/awards/effie_latam/2025/campaigns/de-plato-a-patrimonio-nacional-la-epica-historia-del-encebollado-encebollado-real-vml-ecuador-norlop-y-wavemaker-2025/
Effie Awards Latam,2025,Single-Market,Colombiana presenta El bus de la nuestra,Postobón,Sancho BBDO y OMD Colombia,,Topical marketing,Colombia,Shortlist,/awards/effie_latam/2025/campaigns/colombiana-presenta-el-bus-de-la-nuestra-postobon-sancho-bbdo-y-omd-colombia-2025/
Effie Awards Latam,2025,Single-Market,Johnnie Walker - Fuerte son ellas,Johnnie Walker,AlmapBBDO,,Topical marketing,Brasil,Shortlist,/awards/effie_latam/2025/campaigns/johnnie-walker-fuerte-son-ellas-johnnie-walker-almapbbdo-2025-2/
Effie Awards Latam,2025,Single-Market,Al verano llegamos todas,Dove,VML Argentina y Media Lab Agency,Initiative Argentina,Topical marketing,Argentina,Shortlist,/awards/effie_latam/2025/campaigns/al-verano-llegamos-todas-dove-vml-argentina-y-media-lab-agency-2025-3/
Effie Awards Latam,2025,Single-Market,Ludopatía digital,Movistar,VML Argentina,Faro Digital/Havas Plus,Topical marketing,Argentina,Shortlist,/awards/effie_latam/2025/campaigns/ludopatia-digital-movistar-vml-argentina-2025/
Effie Awards Latam,2025,Single-Market,Sharenting,Movistar,VML,Faro Digital/Havas Plus,Topical marketing,Argentina,Shortlist,/awards/effie_latam/2025/campaigns/sharenting-movistar-vml-2025/
Effie Awards Latam,2025,Single-Market,Bettyverse,Amazon,Isla República México,Initiative,Topical marketing,México,Shortlist,/awards/effie_latam/2025/campaigns/bettyverse-amazon-isla-republica-mexico-2025/
Effie Awards Latam,2025,Single-Market,Por un Perú sin papelones,Paracas,Boost Brand Accelerator,,Topical marketing,Perú,Shortlist,/awards/effie_latam/2025/campaigns/por-un-peru-sin-papelones-paracas-boost-brand-accelerator-2025-2/
Effie Awards Latam,2025,Single-Market,1 Minuto al corazón,Pingüino EC,Initiative y Publifyer,,Topical marketing,Ecuador,Shortlist,/awards/effie_latam/2025/campaigns/1-minuto-al-corazon-pinguino-ec-initiative-y-publifyer-2025/
Effie Awards Latam,2025,Single-Market,Sponsor de la suerte,Schneider,Mercado McCann,,Topical marketing,Argentina,Shortlist,/awards/effie_latam/2025/campaigns/sponsor-de-la-suerte-schneider-mercado-mccann-2025-2/
Effie Awards Latam,2025,Single-Market,El sexo reactiva la economía,Tulipán,Zurda Agency,Pulmon/Retina,Topical marketing,Argentina,Shortlist,/awards/effie_latam/2025/campaigns/el-sexo-reactiva-la-economia-tulipan-zurda-agency-2025-2/
Effie Awards Latam,2025,Single-Market,Seguro ficticio ¿Tu personaje favorito se murió? ¡Felicitaciones ganaste!,RCN y Seguros del Estado,DDB Colombia y Multi,,Topical marketing,Colombia,Shortlist,/awards/effie_latam/2025/campaigns/seguro-ficticio-tu-personaje-favorito-se-murio-felicitaciones-ganaste-rcn-y-seguros-del-estado-ddb-colombia-y-multi-20-3/
Effie Awards Latam,2025,Single-Market,Six Back,Victoria,Gut México,Primo Content,Topical marketing,México,Shortlist,/awards/effie_latam/2025/campaigns/six-back-victoria-gut-mexico-2025/
Effie Awards Latam,2025,Single-Market,Más allá de los aros,Decathlon,Publicis,Sportv,Topical marketing,Brasil,Shortlist,/awards/effie_latam/2025/campaigns/mas-alla-de-los-aros-decathlon-publicis-2025-2/
Effie Awards Latam,2025,Single-Market,Vuelve Franco volvimos todos,Mercado Libre,Gut Argentina y Gut Brasil,Rebolucion,Topical marketing,Argentina,Shortlist,/awards/effie_latam/2025/campaigns/vuelve-franco-volvimos-todos-mercado-libre-gut-argentina-y-gut-brasil-2025/
Effie Awards Latam,2025,Single-Market,Taylormania,Banco Patagonia,TombrasNiña,Ignis Media Agency,Topical marketing,Argentina,Shortlist,/awards/effie_latam/2025/campaigns/taylormania-banco-patagonia-tombrasnina-2025-2/
Effie Awards Latam,2025,Single-Market,Fiat A buen entendedor minuto y medio basta,Fiat,Leo Burnett Tailor Made,Essence MediaCom,Topical marketing,Brasil,Shortlist,/awards/effie_latam/2025/campaigns/fiat-a-buen-entendedor-minuto-y-medio-basta-fiat-leo-burnett-tailor-made-2025-2/
Effie Awards Latam,2025,Single-Market,Andina Patrocinador oficial del fútbol NO profesional colombiano,Cerveza Andina,Sancho BBDO y OMD,,Experiental marketing (products & services),Colombia,Shortlist,/awards/effie_latam/2025/campaigns/andina-patrocinador-oficial-del-futbol-no-profesional-colombiano-cerveza-andina-sancho-bbdo-y-omd-2025-4/
Effie Awards Latam,2025,Single-Market,Realty for Gamers,Minutocorp,Garnier BBDO,,Experiental marketing (products & services),Ecuador,Shortlist,/awards/effie_latam/2025/campaigns/realty-for-gamers-minutocorp-garnier-bbdo-2025-2/
Effie Awards Latam,2025,Single-Market,TIM Block Pin,TIM Brasil,BETC Havas,20Dash,Experiental marketing (products & services),Brasil,Shortlist,/awards/effie_latam/2025/campaigns/tim-block-pin-tim-brasil-betc-havas-2025/
Effie Awards Latam,2025,Single-Market,Romeo and Juliet by BIC,BIC,VML,Hogarth Worldwide Brasil/Carbono Sound LAB/Bolha/OIO,Experiental marketing (products & services),Brasil,Shortlist,/awards/effie_latam/2025/campaigns/romeo-and-juliet-by-bic-bic-vml-2025-2/
Effie Awards Latam,2025,Single-Market,Skip Ad Show,Emma / Gollo,Interaction,,Experiental marketing (products & services),Costa Rica,Shortlist,/awards/effie_latam/2025/campaigns/skip-ad-show-emma-gollo-interaction-2025-2/
Effie Awards Latam,2025,Single-Market,Gatorade Cool Seats,Gatorade,RGA,Genosha/Altro Sport,Experiental marketing (products & services),Argentina,Shortlist,/awards/effie_latam/2025/campaigns/gatorade-cool-seats-gatorade-rga-2025/
Effie Awards Latam,2025,Single-Market,Día de la madre O boticário tormentas pasan el amor permanece,O Boticário,AlmapBBDO,,Seasonal Marketing,Brasil,Shortlist,/awards/effie_latam/2025/campaigns/dia-de-la-madre-o-boticario-tormentas-pasan-el-amor-permanece-o-boticario-almapbbdo-2025/
Effie Awards Latam,2025,Single-Market,Skip Ad Show,Emma / Gollo,Interaction,,Seasonal Marketing,Costa Rica,Shortlist,/awards/effie_latam/2025/campaigns/skip-ad-show-emma-gollo-interaction-2025-3/
Effie Awards Latam,2025,Single-Market,Dia de las madres O Boticário El amor siempre tiene un plan,O Boticário,AlmapBBDO,,Seasonal Marketing,Brasil,Shortlist,/awards/effie_latam/2025/campaigns/dia-de-las-madres-o-boticario-el-amor-siempre-tiene-un-plan-o-boticario-almapbbdo-2025-2/
Effie Awards Latam,2025,Single-Market,Día de la madre O boticário tormentas pasan el amor permanece,O Boticário,AlmapBBDO,,Youth marketing,Brasil,Shortlist,/awards/effie_latam/2025/campaigns/dia-de-la-madre-o-boticario-tormentas-pasan-el-amor-permanece-o-boticario-almapbbdo-2025-2/
Effie Awards Latam,2025,Single-Market,Estudiar es rebelarse el movimiento que Siglo 21 convirtió en bandera,Universidad Siglo 21,Don by Havas (Argentina),,Youth marketing,Argentina,Shortlist,/awards/effie_latam/2025/campaigns/estudiar-es-rebelarse-el-movimiento-que-siglo-21-convirtio-en-bandera-universidad-siglo-21-don-by-havas-argentina-2025/
Effie Awards Latam,2025,Single-Market,Paketaxo Dark El alma dark de la fiesta,Paketaxo,Don by Havas,,Youth marketing,México,Shortlist,/awards/effie_latam/2025/campaigns/paketaxo-dark-el-alma-dark-de-la-fiesta-paketaxo-don-by-havas-2025-2/
Effie Awards Latam,2025,Single-Market,(Un)deleted,Dove,VML Argentina y Media Lab Agency,Bien Buenos Aires/Initiative Argentina/Mama Hungara,Youth marketing,Argentina,Shortlist,/awards/effie_latam/2025/campaigns/undeleted-dove-vml-argentina-y-media-lab-agency-2025-3/
Effie Awards Latam,2025,Single-Market,Ludopatía digital,Movistar,VML Argentina,Faro Digital/Havas Plus,Youth marketing,Argentina,Shortlist,/awards/effie_latam/2025/campaigns/ludopatia-digital-movistar-vml-argentina-2025-2/
Effie Awards Latam,2025,Single-Market,Suerte con el que te toque,Flamin Hot Ruleta,Isla República México e Isla República Argentina,,Youth marketing,México,Shortlist,/awards/effie_latam/2025/campaigns/suerte-con-el-que-te-toque-flamin-hot-ruleta-isla-republica-mexico-e-isla-republica-argentina-2025/
Effie Awards Latam,2025,Single-Market,PomarolaCo-creación con salsa,Pomarola,MRM Brasil,Noir Tropical,Youth marketing,Brasil,Shortlist,/awards/effie_latam/2025/campaigns/pomarolaco-creacion-con-salsa-pomarola-mrm-brasil-2025/
Effie Awards Latam,2025,Single-Market,The Test List,Grupo Omint,Tombras Niña,,Youth marketing,Argentina,Shortlist,/awards/effie_latam/2025/campaigns/the-test-list-grupo-omint-tombras-nina-2025-2/
Effie Awards Latam,2025,Single-Market,Dove - Only available in Brazil,Dove,David y Tastemakers Assessoria De Comunicacao LTDA,Initiative/BR Media Group,Youth marketing,Brasil,Shortlist,/awards/effie_latam/2025/campaigns/dove-only-available-in-brazil-dove-david-y-tastemakers-assessoria-de-comunicacao-ltda-2025/
Effie Awards Latam,2025,Single-Market,Trident free fire - Suelta la skin al juego,Trident - Games,Leo Burnett Tailor Made,,Promotional marketing,Brasil,Shortlist,/awards/effie_latam/2025/campaigns/trident-free-fire-suelta-la-skin-al-juego-trident-games-leo-burnett-tailor-made-2025-2/
Effie Awards Latam,2025,Single-Market,Dancing Washers,Whirlpool,VML,,Promotional marketing,México,Shortlist,/awards/effie_latam/2025/campaigns/dancing-washers-whirlpool-vml-2025-3/
Effie Awards Latam,2025,Single-Market,Un Argentino no te abandona Rexona tampoco,Rexona,Zurda e Initiative Argentina,Medialab/Catch,Promotional marketing,Argentina,Shortlist,/awards/effie_latam/2025/campaigns/un-argentino-no-te-abandona-rexona-tampoco-rexona-zurda-e-initiative-argentina-2025-3/
Effie Awards Latam,2025,Single-Market,"Ser navicumpleañero"" no es divertido",Amazon,AlmapBBDO,Rufus,Promotional marketing,Brasil,Shortlist,/awards/effie_latam/2025/campaigns/ser-navicumpleanero-no-es-divertido-amazon-almapbbdo-2025/
Effie Awards Latam,2025,Single-Market,Abogados BK Taste,Burger King,AlmapBBDO,Jotacom/Streetwise,Promotional marketing,Brasil,Shortlist,/awards/effie_latam/2025/campaigns/abogados-bk-taste-burger-king-almapbbdo-2025-4/
Effie Awards Latam,2025,Single-Market,La cuenta que tu camello merece,Banco de Bogotá,McCann Worldgroup Colombia y UM Universal McCann Colombia,,Promotional marketing,Colombia,Shortlist,/awards/effie_latam/2025/campaigns/la-cuenta-que-tu-camello-merece-banco-de-bogota-mccann-worldgroup-colombia-y-um-universal-mccann-colombia-2025/
Effie Awards Latam,2025,Single-Market,El sonido del divorcio,Calm es Simple,Ogilvy & Mather,,Promotional marketing,Argentina,Shortlist,/awards/effie_latam/2025/campaigns/el-sonido-del-divorcio-calm-es-simple-ogilvy-and-mather-2025-2/
Effie Awards Latam,2025,Single-Market,Anillo Brahmero,Brahma,Grey Argentina,,Promotional marketing,Argentina,Shortlist,/awards/effie_latam/2025/campaigns/anillo-brahmero-brahma-grey-argentina-2025/
Effie Awards Latam,2025,Single-Market,Big Ma,McDonalds,Publicis Groupe Panamá y Starcom Panamá,PXP/The Producers/La Doble,Promotional marketing,Panamá,Shortlist,/awards/effie_latam/2025/campaigns/big-ma-mcdonalds-publicis-groupe-panama-y-starcom-panama-2025/
Effie Awards Latam,2025,Single-Market,Handshake Desbloqueando conversiones masivas en tiempo real,Mercado Libre,UM México,Gut/Meet Super,Promotional marketing,México,Shortlist,/awards/effie_latam/2025/campaigns/handshake-desbloqueando-conversiones-masivas-en-tiempo-real-mercado-libre-um-mexico-2025/
Effie Awards Latam,2025,Single-Market,El sexo reactiva la economía,Tulipán,Zurda Agency,Pulmon/Retina,Promotional marketing,Argentina,Shortlist,/awards/effie_latam/2025/campaigns/el-sexo-reactiva-la-economia-tulipan-zurda-agency-2025-3/
Effie Awards Latam,2025,Single-Market,Vives en una pizza,Papa Johns Pizza,be flamingo,,Promotional marketing,Ecuador,Shortlist,/awards/effie_latam/2025/campaigns/vives-en-una-pizza-papa-johns-pizza-be-flamingo-2025/
Effie Awards Latam,2025,Single-Market,Tacorcholata,Victoria,Wieden + Kennedy,Wieden + Kennedy,Promotional marketing,México,Shortlist,/awards/effie_latam/2025/campaigns/tacorcholata-victoria-wieden-kennedy-2025-3/
Effie Awards Latam,2025,Single-Market,Incomplete Ads,Qué Rico!,McCann Panamá,,Promotional marketing,Panamá,Shortlist,/awards/effie_latam/2025/campaigns/incomplete-ads-que-rico-mccann-panama-2025/
Effie Awards Latam,2025,Single-Market,Sanders de los dientes,KFC,MullenLowe SPP3 y PHD Perú,Newlink Perú,Promotional marketing,Perú,Shortlist,/awards/effie_latam/2025/campaigns/sanders-de-los-dientes-kfc-mullenlowe-spp3-y-phd-peru-2025/
Effie Awards Latam,2025,Single-Market,Chaves,Ypê,DPZ,,Promotional marketing,Brasil,Shortlist,/awards/effie_latam/2025/campaigns/chaves-ype-dpz-2025/
Effie Awards Latam,2025,Single-Market,Y si el daño fuera belleza?,Dove,VML e Initiative Argentina,Paramount +/Mercado ads/Medialab,Promotional marketing,Argentina,Shortlist,/awards/effie_latam/2025/campaigns/y-si-el-dano-fuera-belleza-dove-vml-e-initiative-argentina-2025-2/
Effie Awards Latam,2025,Single-Market,Reborn songs,LifeLink,VML,,Promotional marketing,Puerto Rico,Shortlist,/awards/effie_latam/2025/campaigns/reborn-songs-lifelink-vml-2025/
Effie Awards Latam,2025,Single-Market,KitKot,KitKat,Ogilvy Brasil,Sailor Studio/Media Brands,Promotional marketing,Brasil,Shortlist,/awards/effie_latam/2025/campaigns/kitkot-kitkat-ogilvy-brasil-2025-2/
Effie Awards Latam,2025,Single-Market,Charitón de la tele a la góndola,Nestlé Perú,America TV,McCann Lima/Thrive/Apoyo Comunicacion SA,Promotional marketing,Perú,Shortlist,/awards/effie_latam/2025/campaigns/chariton-de-la-tele-a-la-gondola-nestle-peru-america-tv-2025-2/
Effie Awards Latam,2025,Single-Market,Tera La gran llegada,Volkswagen,AlmapBBDO,,Promotional marketing,Brasil,Shortlist,/awards/effie_latam/2025/campaigns/tera-la-gran-llegada-volkswagen-almapbbdo-2025/
Effie Awards Latam,2025,Single-Market,CPG,Mercado Libre,GUT México,Mama Hungara,Promotional marketing,México,Shortlist,/awards/effie_latam/2025/campaigns/cpg-mercado-libre-gut-mexico-2025/
Effie Awards Latam,2025,Single-Market,La hormiga que hizo que ahorrar no diera pereza,Davivienda,Madison DDB,,Products & financial services,Costa Rica,Shortlist,/awards/effie_latam/2025/campaigns/la-hormiga-que-hizo-que-ahorrar-no-diera-pereza-davivienda-madison-ddb-2025/
Effie Awards Latam,2025,Single-Market,De la razón al corazón el giro que cambió el vínculo de Santander con las Pymes,Santander,Don by Havas (Argentina),,Products & financial services,Argentina,Shortlist,/awards/effie_latam/2025/campaigns/de-la-razon-al-corazon-el-giro-que-cambio-el-vinculo-de-santander-con-las-pymes-santander-don-by-havas-argentina-2025/
Effie Awards Latam,2025,Single-Market,Nubanc por Matt LeBlanc,Nubank,Wieden + Kennedy,,Products & financial services,Brasil,Shortlist,/awards/effie_latam/2025/campaigns/nubanc-por-matt-leblanc-nubank-wieden-kennedy-2025-2/
Effie Awards Latam,2025,Single-Market,Nubank conquistando el territorio de películas y series,Nubank,Wieden + Kennedy y Nubank Creative Hub,,Products & financial services,Brasil,Shortlist,/awards/effie_latam/2025/campaigns/nubank-conquistando-el-territorio-de-peliculas-y-series-nubank-wieden-kennedy-y-nubank-creative-hub-2025/
Effie Awards Latam,2025,Single-Market,Mastercardmakeup payment,Mastercard,MRM,VANQ/Mandril Audio,Products & financial services,Brasil,Shortlist,/awards/effie_latam/2025/campaigns/mastercardmakeup-payment-mastercard-mrm-2025/
Effie Awards Latam,2025,Single-Market,Cómo una apuesta le robó el show a los patrocinadores de la Copa América,Wingo,Havas Colombia,Havas Argentina,Products & financial services,Colombia,Shortlist,/awards/effie_latam/2025/campaigns/como-una-apuesta-le-robo-el-show-a-los-patrocinadores-de-la-copa-america-wingo-havas-colombia-2025/
Effie Awards Latam,2025,Single-Market,Promesas absurdas,ASDRA,VML,,Products & financial services,Argentina,Shortlist,/awards/effie_latam/2025/campaigns/promesas-absurdas-asdra-vml-2025-3/
Effie Awards Latam,2025,Single-Market,Fuego Vs Galo,Burger King,Streetwise,Eletromidia/OOH/Clear Channel BR/JCDecaux,Products & financial services,Brasil,Shortlist,/awards/effie_latam/2025/campaigns/fuego-vs-galo-burger-king-streetwise-2025/
Effie Awards Latam,2025,Single-Market,Decí Fulbo,TaDa,draftLine BUE,,Products & financial services,Argentina,Shortlist,/awards/effie_latam/2025/campaigns/deci-fulbo-tada-draftline-bue-2025-2/
Effie Awards Latam,2025,Single-Market,Vuelve Franco volvimos todos,Mercado Libre,Gut Argentina y Gut Brasil,Rebolucion,Products & financial services,Argentina,Shortlist,/awards/effie_latam/2025/campaigns/vuelve-franco-volvimos-todos-mercado-libre-gut-argentina-y-gut-brasil-2025-2/
Effie Awards Latam,2025,Single-Market,Fiat De un limón una goleada,Fiat,Leo Burnett Tailor Made,Globo Comunicacao e Participacoes S/A,Products & financial services,Brasil,Shortlist,/awards/effie_latam/2025/campaigns/fiat-de-un-limon-una-goleada-fiat-leo-burnett-tailor-made-2025-3/
Effie Awards Latam,2025,Single-Market,Pete Zahat,Pizza Hut,BBA,,Social media,Ecuador,Shortlist,/awards/effie_latam/2025/campaigns/pete-zahat-pizza-hut-bba-2025/
Effie Awards Latam,2025,Single-Market,Dancing washers,Whirlpool,VML,,Social media,México,Shortlist,/awards/effie_latam/2025/campaigns/dancing-washers-whirlpool-vml-2025-4/
Effie Awards Latam,2025,Single-Market,Historias de heladera,Hellmanns Argentina,Ogilvy Argentina e Initiative Argentina,Media Lab,Social media,Argentina,Shortlist,/awards/effie_latam/2025/campaigns/historias-de-heladera-hellmanns-argentina-ogilvy-argentina-e-initiative-argentina-2025-2/
Effie Awards Latam,2025,Single-Market,Me vale Cheetos,Cheetos,Slap Global,,Social media,Argentina,Shortlist,/awards/effie_latam/2025/campaigns/me-vale-cheetos-cheetos-slap-global-2025-3/
Effie Awards Latam,2025,Single-Market,Medusa La serie que se auto-censuró,Netflix,Sancho BBDO,Flare BBDO,Social media,Colombia,Shortlist,/awards/effie_latam/2025/campaigns/medusa-la-serie-que-se-auto-censuro-netflix-sancho-bbdo-2025-3/
Effie Awards Latam,2025,Single-Market,Destino oculto Cómo vender todo un vuelo con un solo post,Wingo y AB InBev Bavaria,Havas Colombia,,Social media,Colombia,Shortlist,/awards/effie_latam/2025/campaigns/destino-oculto-como-vender-todo-un-vuelo-con-un-solo-post-wingo-y-ab-inbev-bavaria-havas-colombia-2025/
Effie Awards Latam,2025,Single-Market,Pedro Sola Segunda oportunidad,Hellmanns,Initiative México,Épica,Social media,México,Shortlist,/awards/effie_latam/2025/campaigns/pedro-sola-segunda-oportunidad-hellmanns-initiative-mexico-2025-2/
Effie Awards Latam,2025,Single-Market,Nubanc por Matt LeBlanc,Nubank,Wieden + Kennedy,,Social media,Brasil,Shortlist,/awards/effie_latam/2025/campaigns/nubanc-por-matt-leblanc-nubank-wieden-kennedy-2025-3/
Effie Awards Latam,2025,Single-Market,Report this ad,Veris,Paradais DDB,,Social media,Ecuador,Shortlist,/awards/effie_latam/2025/campaigns/report-this-ad-veris-paradais-ddb-2025-2/
Effie Awards Latam,2025,Single-Market,¿Ese producto? ¡Yo no lo voy a usar! TRESemmé hizo lo que ninguna marca se atrevió a hacer lanzar una anti-campaña para un producto anti-frizzElegimos vender verdad no promesas,TRESemmé,Out Of Office,Index Conectada/Initiative/Surreal Hotel Arts/Notan Studio,Social media,Brasil,Shortlist,/awards/effie_latam/2025/campaigns/ese-producto-yo-no-lo-voy-a-usar-tresemme-hizo-lo-que-ninguna-marca-se-atrevio-a-hacer-lanzar-una-anti-campana-para-un-2/
Effie Awards Latam,2025,Single-Market,El Dibu,Adidas,Adidas,,Social media,Argentina,Shortlist,/awards/effie_latam/2025/campaigns/el-dibu-adidas-adidas-2025/
Effie Awards Latam,2025,Single-Market,Protegiendo el futuro de Sol,Cemento Sol,VML,Apoyo Comunicación SA,Social media,Perú,Shortlist,/awards/effie_latam/2025/campaigns/protegiendo-el-futuro-de-sol-cemento-sol-vml-2025/
Effie Awards Latam,2025,Single-Market,Corona Island LDA,Corona,The Board,Bilbao Group,Social media,Argentina,Shortlist,/awards/effie_latam/2025/campaigns/corona-island-lda-corona-the-board-2025/
Effie Awards Latam,2025,Single-Market,Fiat A buen entendedor minuto y medio basta,Fiat,Leo Burnett Tailor Made,Essence MediaCom,Social media,Brasil,Shortlist,/awards/effie_latam/2025/campaigns/fiat-a-buen-entendedor-minuto-y-medio-basta-fiat-leo-burnett-tailor-made-2025-3/
Effie Awards Latam,2025,Single-Market,El fin de la discusión paga el que tiene la de Santander,Santander,Don by Havas (Argentina),,Relaunches,Argentina,Shortlist,/awards/effie_latam/2025/campaigns/el-fin-de-la-discusion-paga-el-que-tiene-la-de-santander-santander-don-by-havas-argentina-2025/
Effie Awards Latam,2025,Single-Market,Lo estás haciendo bien,Gloria,Fahrenheit DDB,Starcom - Publicis Groupe,Relaunches,Perú,Shortlist,/awards/effie_latam/2025/campaigns/lo-estas-haciendo-bien-gloria-fahrenheit-ddb-2025-2/
Effie Awards Latam,2025,Single-Market,Wi-Fi hogar,Personal,Gut Argentina,Argentina Cine,Relaunches,Argentina,Shortlist,/awards/effie_latam/2025/campaigns/wi-fi-hogar-personal-gut-argentina-2025/
Effie Awards Latam,2025,Single-Market,Extinto una línea de perfumes que está ayudando a salvar paraísos en todo el mundoExtinto,O Boticário,AlmapBBDO,,Corporate reputation - Professional services,Brasil,Shortlist,/awards/effie_latam/2025/campaigns/extinto-una-linea-de-perfumes-que-esta-ayudando-a-salvar-paraisos-en-todo-el-mundoextinto-o-boticario-almapbbdo-2025/
Effie Awards Latam,2025,Single-Market,This is not a game,Movistar,VML,Havas Group México,Corporate reputation - Professional services,México,Shortlist,/awards/effie_latam/2025/campaigns/this-is-not-a-game-movistar-vml-2025-3/
Effie Awards Latam,2025,Single-Market,El momento de la verdad,OSDE,Zurda Agency,Argentina Cine/Pulmon/DKS/Quiroga,Corporate reputation - Professional services,Argentina,Shortlist,/awards/effie_latam/2025/campaigns/el-momento-de-la-verdad-osde-zurda-agency-2025/
Effie Awards Latam,2025,Single-Market,Aliados de tu desarrollo,Alicorp,Valor Group,Tribeca Media Group Perú SAC/MediaHub/LLYC,Corporate reputation - Professional services,Perú,Shortlist,/awards/effie_latam/2025/campaigns/aliados-de-tu-desarrollo-alicorp-valor-group-2025/
Effie Awards Latam,2025,Single-Market,Peternity leave,Royal Canin,Tombras Niña,Urban Grupo de Comunicación/Landia/MediaCom (Arge),Corporate reputation - Professional services,Argentina,Shortlist,/awards/effie_latam/2025/campaigns/peternity-leave-royal-canin-tombras-nina-2025/
Effie Awards Latam,2025,Single-Market,(Re)search my body,Grupo Boticário,Gut Brasil,Vetor Zero/SoWhat/Máquina/Cabaret,Corporate reputation - Professional services,Brasil,Shortlist,/awards/effie_latam/2025/campaigns/research-my-body-grupo-boticario-gut-brasil-2025-2/
Effie Awards Latam,2025,Single-Market,Glowing relief,Alivia Health,De la Cruz Ogilvy,,Crisis response,Puerto Rico,Shortlist,/awards/effie_latam/2025/campaigns/glowing-relief-alivia-health-de-la-cruz-ogilvy-2025-3/
Effie Awards Latam,2025,Single-Market,Community king,Burger King,BBA Ecuador,,Crisis response,Ecuador,Shortlist,/awards/effie_latam/2025/campaigns/community-king-burger-king-bba-ecuador-2025/
Effie Awards Latam,2025,Single-Market,T-Search,ONG Mães da Sé,Cappuccino,Shotfilmes/Ultrassom Music Ideas/Weber Shandwick (Brasil)/Powell Tate Brazil,Crisis response,Brasil,Shortlist,/awards/effie_latam/2025/campaigns/t-search-ong-maes-da-se-cappuccino-2025-4/
Effie Awards Latam,2025,Single-Market,Invocando al rey en halloween,Burger King Puerto Rico,De la Cruz Ogilvy,,Restaurants,Puerto Rico,Shortlist,/awards/effie_latam/2025/campaigns/invocando-al-rey-en-halloween-burger-king-puerto-rico-de-la-cruz-ogilvy-2025-2/
Effie Awards Latam,2025,Single-Market,Día de la madre O Boticário tormentas pasan el amor permanece,O Boticário,AlmapBBDO,,Restaurants,Brasil,Shortlist,/awards/effie_latam/2025/campaigns/dia-de-la-madre-o-boticario-tormentas-pasan-el-amor-permanece-o-boticario-almapbbdo-2025-3/
Effie Awards Latam,2025,Single-Market,Día de los padres O Boticário ¿Hasta cuándo vamos a pensar que 5 días son suficientes?,O Boticário,AlmapBBDO,,Restaurants,Brasil,Shortlist,/awards/effie_latam/2025/campaigns/dia-de-los-padres-o-boticario-hasta-cuando-vamos-a-pensar-que-5-dias-son-suficientes-o-boticario-almapbbdo-2025-3/
Effie Awards Latam,2025,Single-Market,Dia de las madres O Boticário 2025 El amor siempre tiene un plan,O Boticário,AlmapBBDO,,Restaurants,Brasil,Shortlist,/awards/effie_latam/2025/campaigns/dia-de-las-madres-o-boticario-2025-el-amor-siempre-tiene-un-plan-o-boticario-almapbbdo-2025/
Effie Awards Latam,2025,Single-Market,Navidad O Boticário a través del cuidado el amor se fortalece,O Boticário,AlmapBBDO,,Restaurants,Brasil,Shortlist,/awards/effie_latam/2025/campaigns/navidad-o-boticario-a-traves-del-cuidado-el-amor-se-fortalece-o-boticario-almapbbdo-2025/
Effie Awards Latam,2025,Single-Market,"Ser ""navicumpleañero"" no es divertido",Amazon,AlmapBBDO,Rufus,Restaurants,Brasil,Shortlist,/awards/effie_latam/2025/campaigns/ser-navicumpleanero-no-es-divertido-amazon-almapbbdo-2025-2/
Effie Awards Latam,2025,Single-Market,Biblioteca casi vacía,Amazon,AlmapBBDO,,Restaurants,Brasil,Shortlist,/awards/effie_latam/2025/campaigns/biblioteca-casi-vacia-amazon-almapbbdo-2025-2/
Effie Awards Latam,2025,Single-Market,Cornudo drive-thru,Burger King,AlmapBBDO,Jotacom/Streetwise,Restaurants,Brasil,Shortlist,/awards/effie_latam/2025/campaigns/cornudo-drive-thru-burger-king-almapbbdo-2025/
Effie Awards Latam,2025,Single-Market,Franco delivered,Mercado Libre,Gut Argentina y Gut Brasil,Rebolucion,Restaurants,Argentina,Shortlist,/awards/effie_latam/2025/campaigns/franco-delivered-mercado-libre-gut-argentina-y-gut-brasil-2025-2/
Effie Awards Latam,2025,Single-Market,Priceless walls,Home Vega,Beflamingo Agency,Karina Burgos,Restaurants,Ecuador,Shortlist,/awards/effie_latam/2025/campaigns/priceless-walls-home-vega-beflamingo-agency-2025-2/
Effie Awards Latam,2025,Single-Market,Handshake Desbloqueando conversiones masivas en tiempo real,Mercado Libre,UM México,Gut Agency (México)/Meet Super,Restaurants,México,Shortlist,/awards/effie_latam/2025/campaigns/handshake-desbloqueando-conversiones-masivas-en-tiempo-real-mercado-libre-um-mexico-2025-2/
Effie Awards Latam,2025,Single-Market,Indio de Alma Guerrera,Indio,Ogilvy México,Media Monks,Brand revitalization,México,Shortlist,/awards/effie_latam/2025/campaigns/indio-de-alma-guerrera-indio-ogilvy-mexico-2025/
Effie Awards Latam,2025,Single-Market,Newborn parents,Johnsons Baby,UM Brasil,,Brand revitalization,Brasil,Shortlist,/awards/effie_latam/2025/campaigns/newborn-parents-johnsons-baby-um-brasil-2025-2/
Effie Awards Latam,2025,Single-Market,Torito de Pacífico tradición que protege de verdad,Pacífico Seguros,TBWA,OMD,Insurance,Perú,Shortlist,/awards/effie_latam/2025/campaigns/torito-de-pacifico-tradicion-que-protege-de-verdad-pacifico-seguros-tbwa-2025/
Effie Awards Latam,2025,Single-Market,Domicilios con descuentos,TaDa y Cervepar,Wild Fi,Renovatio Films,Deliver y Services,Paraguay,Shortlist,/awards/effie_latam/2025/campaigns/domicilios-con-descuentos-tada-y-cervepar-wild-fi-2025-2/
Effie Awards Latam,2025,Single-Market,No dejemos de pedir,Pedidos Ya,Gut Argentina,Argentina Cine,Deliver y Services,Argentina,Shortlist,/awards/effie_latam/2025/campaigns/no-dejemos-de-pedir-pedidos-ya-gut-argentina-2025/
Effie Awards Latam,2025,Single-Market,Relanzamiento TaDa,TaDa,Isla Argentina e Isla México,Landia,Deliver y Services,México,Shortlist,/awards/effie_latam/2025/campaigns/relanzamiento-tada-tada-isla-argentina-e-isla-mexico-2025/
Effie Awards Latam,2025,Single-Market,Living in a pizza,Papa Johns Pizza,Be Flamingo,,Deliver y Services,Ecuador,Shortlist,/awards/effie_latam/2025/campaigns/living-in-a-pizza-papa-johns-pizza-be-flamingo-2025/
Effie Awards Latam,2025,Single-Market,Glowing relief,Alivia Health,De la Cruz Ogilvy,,Deliver y Services,Puerto Rico,Shortlist,/awards/effie_latam/2025/campaigns/glowing-relief-alivia-health-de-la-cruz-ogilvy-2025-4/
Effie Awards Latam,2025,Single-Market,Wi-Fi hogar,Personal,Gut Argentina,Argentina Cine,Telecommunications,Argentina,Shortlist,/awards/effie_latam/2025/campaigns/wi-fi-hogar-personal-gut-argentina-2025-2/
Effie Awards Latam,2025,Single-Market,Destino oculto El primer vuelo que despegó sin destino,Wingo y AB InBev Bavaria,Havas Colombia,,Travel trips and tourism,Colombia,Shortlist,/awards/effie_latam/2025/campaigns/destino-oculto-el-primer-vuelo-que-despego-sin-destino-wingo-y-ab-inbev-bavaria-havas-colombia-2025/
Effie Awards Latam,2025,Single-Market,Uber moto - La Tropa que Nunca se Atrasa,Uber,Wieden + Kennedy,MugShot/Mfield/Dias Conceito/Iconoclast,Travel trips and tourism,Brasil,Shortlist,/awards/effie_latam/2025/campaigns/uber-moto-la-tropa-que-nunca-se-atrasa-uber-wieden-kennedy-2025/
Effie Awards Latam,2025,Single-Market,Rockn ride,Uber y Quilmes,Wieden + Kennedy,OMD,Travel trips and tourism,Brasil,Shortlist,/awards/effie_latam/2025/campaigns/rockn-ride-uber-y-quilmes-wieden-kennedy-2025-2/
Effie Awards Latam,2025,Single-Market,Latam Airlines - Lady Gaga,Latam Airlines,MRM y WMcCann,Jazz Side/Somos Fans,Travel trips and tourism,Brasil,Shortlist,/awards/effie_latam/2025/campaigns/latam-airlines-lady-gaga-latam-airlines-mrm-y-wmccann-2025-3/
Effie Awards Latam,2025,Multi-Market,Gratis-gratis,Mercado Libre,Gut Argentina y Gut Brasil,,Media companies & entertainment,Argentina,Shortlist,/awards/effie_latam/2025/campaigns/gratis-gratis-mercado-libre-gut-argentina-y-gut-brasil-2025/
Effie Awards Latam,2025,Multi-Market,Mercado Libre - Cazando ofertas en cada apretón de manos en Latinoamérica,Mercado Libre,Gut Brasil y Gut Buenos Aires (Argentina),Zetabe Powered By Mediabrands Campaigns,Media idea,Brasil,Shortlist,/awards/effie_latam/2025/campaigns/mercado-libre-cazando-ofertas-en-cada-apreton-de-manos-en-latinoamerica-mercado-libre-gut-brasil-y-gut-buenos-aires-arge/
Effie Awards Latam,2025,Multi-Market,Las Juntas Finance,Financiera Confianza,Arena Media (Perú),,Positive change Social- Brands,Perú,Shortlist,/awards/effie_latam/2025/campaigns/las-juntas-finance-financiera-confianza-arena-media-peru-2025/
Effie Awards Latam,2025,Multi-Market,Puma Pris 20,Puma Pris,PHD Costa Rica y Becoming + Nro3,PHD Guatemala/PHD El Salvador/PHD Honduras,New products or services (launches) - Line extension,Costa Rica,Shortlist,/awards/effie_latam/2025/campaigns/puma-pris-20-puma-pris-phd-costa-rica-y-becoming-nro3-2025/
Effie Awards Latam,2025,Multi-Market,Mercado Libre - Cazando ofertas en cada apretón de manos en Latinoamérica,Mercado Libre,Gut Brasil y Gut Buenos Aires (Argentina),Zetabe Powered By Mediabrands Campaigns,Promotional marketing,Brasil,Shortlist,/awards/effie_latam/2025/campaigns/mercado-libre-cazando-ofertas-en-cada-apreton-de-manos-en-latinoamerica-mercado-libre-gut-brasil-y-gut-buenos-aires-ar-2/
Effie Awards Latam,2025,Multi-Market,Viral beauty Declaramos viralidad y el internet nos creyó,LOréal París Maybelline Garnier y Vogue,Goldfish,,Social media,Panamá,Shortlist,/awards/effie_latam/2025/campaigns/viral-beauty-declaramos-viralidad-y-el-internet-nos-creyo-loreal-paris-maybelline-garnier-y-vogue-goldfish-2025/
Effie Awards Latam,2025,Multi-Market,Gratis-gratis,Mercado Libre,Gut Argentina y Gut Brasil,,Relaunches,Argentina,Shortlist,/awards/effie_latam/2025/campaigns/gratis-gratis-mercado-libre-gut-argentina-y-gut-brasil-2025-2/
Effie Awards Latam,2025,Multi-Market,Puma Pris 20,Puma Pris,PHD Costa Rica y Becoming + Nro3,PHD Guatemala/PHD El Salvador/PHD Honduras,Relaunches,Costa Rica,Shortlist,/awards/effie_latam/2025/campaigns/puma-pris-20-puma-pris-phd-costa-rica-y-becoming-nro3-2025-2/
Effie Awards Latam,2025,Multi-Market,Big-Bang,Mercado Libre,Gut Argentina y Gut Brasil,Rebolucion,Relaunches,Argentina,Shortlist,/awards/effie_latam/2025/campaigns/big-bang-mercado-libre-gut-argentina-y-gut-brasil-2025/
Effie Awards Latam,2025,Multi-Market,El Poder de la dulzura,Axe,Lola MullenLowe e Initiative Argentina,Initiative/Catch,Relaunches,Argentina,Shortlist,/awards/effie_latam/2025/campaigns/el-poder-de-la-dulzura-axe-lola-mullenlowe-e-initiative-argentina-2025/
