Festival,Year,Award,Track,Title,Agency,Brand,Team,Board image,Permalink
Luum Awards,2024,Grand Prix,Planet - Protecting Life on Land,The Wild Algorithm Reset,Edelman,Ampara,Judy John Global CCO Stefan Ronge EMEA CCO Mattias Ronge EMEA CCO Felipe Braz Costa ECD Marcelo Conde Associate Creative Director Copy Eiji Kozaka Associate Creative Director Art Direction Albert Botelho Head of Art David Pastor Graphic Designer Valentino Fusco Account Manager Nancy Weiss Senior Account Exec Antoine Harary Global President of DxI Thibault Moreau EVP Data Insight Lead Matthew Sato EVP Alastair Steele VP SEO Lead UK,https--wwwyoutubecom-watchvYm4wVZsy6yo,/awards/luum_awards/2024/campaigns/the-wild-algorithm-reset-ampara-edelman-2024/
Luum Awards,2024,Grand Prix,Essence of the Message - Diversity and inclusion - PR-CRM,Code My Crown,Edelman,Dove-Unilever,Judy John Global CCO Andrew Simon Global ECD for Unilever Jamie George Cordwell Global ECD John Wilds Associate Creative Director - Copy Thiago Campos Associate Creative Director Art Direction Albert Botelho Senior Art Director Virginia Landau Senior Director Global Client Lead for Unilever Ashlie White SVP Multicultural Stratakis Global Client Director Anna Cantley Associate Client Director Melle Hock CSO for US and Global Strategy Lead for Unilever Alex Sullivan Strategy Director Lucie Hackman Head of Production Georgina Shann SVP DxI Ashley Jamieson Project Manager,https--wwwyoutubecom-watchve-d81WoSDK8,/awards/luum_awards/2024/campaigns/code-my-crown-dove-unilever-edelman-2024/
Luum Awards,2024,Grand Prix,Causes - Partnerships to Achieve Goals - Outdoor,Car Parts for Life,De La Cruz - Ogilvy,Plaza Las AmAricas Mall and Stefano Foundation for Organ Donation,SebastiAn Bullorini JosA Morales - Tanya de Jesus - Vicky ValdAs Heidi Vidal - Enrique GarcAa Thompson - Raquel Cordero Nanel RodrAguez Innovation Director Carmen DAaz Production Manager Carlos Escriva Editor Javier De Bourg Head of Art Sergio Tirado Content Producer Axel Santiago Content Producer Joseph Rivera Content Producer,https--wwwyoutubecom-watchvZTFr0W1pyQ4,/awards/luum_awards/2024/campaigns/car-parts-for-life-plaza-las-amaricas-mall-and-stefano-foundation-for-organ-donation-de-la-cruz-ogilvy-2024/
Luum Awards,2024,Grand Prix,Institutional Communication,Car Parts for Life,De La Cruz - Ogilvy,Plaza Las AmAricas Mall and Stefano Foundation for Organ Donation,SebastiAn Bullorini JosA Morales - Tanya de Jesus - Vicky ValdAs Heidi Vidal - Enrique GarcAa Thompson - Raquel Cordero Nanel RodrAguez Innovation Director Carmen DAaz Production Manager Carlos Escriva Editor Javier De Bourg Head of Art Sergio Tirado Content Producer Axel Santiago Content Producer Joseph Rivera Content Producer,https--wwwyoutubecom-watchvZTFr0W1pyQ4,/awards/luum_awards/2024/campaigns/car-parts-for-life-plaza-las-amaricas-mall-and-stefano-foundation-for-organ-donation-de-la-cruz-ogilvy-2024-2/
Luum Awards,2024,Gold,Institutional Communication,Park Rangers,1947,Alas Chiquitanas,Ferju Cuevas - Rodsel Ticona JosA Fickert Mars Jimenez AndrAs Unter LoboStudio LR Lucho RamArez Daniela Justiniano,,/awards/luum_awards/2024/campaigns/park-rangers-alas-chiquitanas-1947-2024/
Luum Awards,2024,Gold,Planet - Responsible Consumption and Production,The Move to -15,Edelman,Ampara,,,/awards/luum_awards/2024/campaigns/the-move-to-15-ampara-edelman-2024/
Luum Awards,2024,Gold,Health Wellness - Health Wellness Education Awareness,Lifebuoy Diagnosticker,Edelman,Lifebuoy-Unilever,Judy John Global CCO Tim Green APAC CCO Shaun Tan Senior Copywriter Daniel Aung Art Director Stephanie Kwok Senior Account Manager Dorothea Ng Senior Client Exec Chris Pek Client Director Shalsa Putri Senior Client Exec Nadya Warih Client Exec Nisha Sivan Head of Strategy Integrated Cliennts Nurin Nazifa Senior Strategist Jeth Heng Production Lead Ame Razak Senior Producer Arinah Sham Junior Producer Ferra Handayani Social Media content Specialist,,/awards/luum_awards/2024/campaigns/lifebuoy-diagnosticker-lifebuoy-unilever-edelman-2024/
Luum Awards,2024,Gold,Health Wellness - Health Wellness Education Awareness - Internet-Social Media,Allegra Airways,Edelman,Sanofi,,,/awards/luum_awards/2024/campaigns/allegra-airways-sanofi-edelman-2024/
Luum Awards,2024,Gold,Society - Campaigns - Society,Car Parts for Life,De La Cruz - Ogilvy,Plaza Las AmAricas Mall and Stefano Foundation for Organ Donation,SebastiAn Bullorini JosA Morales - Tanya de Jesus - Vicky ValdAs Heidi Vidal - Enrique GarcAa Thompson - Raquel Cordero Nanel RodrAguez Innovation Director Carmen DAaz Production Manager Carlos Escriva Editor Javier De Bourg Head of Art Sergio Tirado Content Producer Axel Santiago Content Producer Joseph Rivera Content Producer,,/awards/luum_awards/2024/campaigns/car-parts-for-life-plaza-las-amaricas-mall-and-stefano-foundation-for-organ-donation-de-la-cruz-ogilvy-2024-3/
Luum Awards,2024,Gold,Causes - Causes - Campaigns,Car Parts for Life,De La Cruz - Ogilvy,Plaza Las AmAricas Mall and Stefano Foundation for Organ Donation,SebastiAn Bullorini JosA Morales - Tanya de Jesus - Vicky ValdAs Heidi Vidal - Enrique GarcAa Thompson - Raquel Cordero Nanel RodrAguez Innovation Director Carmen DAaz Production Manager Carlos Escriva Editor Javier De Bourg Head of Art Sergio Tirado Content Producer Axel Santiago Content Producer Joseph Rivera Content Producer,,/awards/luum_awards/2024/campaigns/car-parts-for-life-plaza-las-amaricas-mall-and-stefano-foundation-for-organ-donation-de-la-cruz-ogilvy-2024-4/
Luum Awards,2024,Gold,Causes - Partnerships to Achieve Goals - Outdoor,Car Parts for Life,De La Cruz - Ogilvy,Plaza Las AmAricas Mall and Stefano Foundation for Organ Donation,SebastiAn Bullorini JosA Morales - Tanya de Jesus - Vicky ValdAs Heidi Vidal - Enrique GarcAa Thompson - Raquel Cordero Nanel RodrAguez Innovation Director Carmen DAaz Production Manager Carlos Escriva Editor Javier De Bourg Head of Art Sergio Tirado Content Producer Axel Santiago Content Producer Joseph Rivera Content Producer,,/awards/luum_awards/2024/campaigns/car-parts-for-life-plaza-las-amaricas-mall-and-stefano-foundation-for-organ-donation-de-la-cruz-ogilvy-2024-5/
Luum Awards,2024,Gold,Institutional Communication,Car Parts for Life,De La Cruz - Ogilvy,Plaza Las AmAricas Mall and Stefano Foundation for Organ Donation,SebastiAn Bullorini JosA Morales - Tanya de Jesus - Vicky ValdAs Heidi Vidal - Enrique GarcAa Thompson - Raquel Cordero Nanel RodrAguez Innovation Director Carmen DAaz Production Manager Carlos Escriva Editor Javier De Bourg Head of Art Sergio Tirado Content Producer Axel Santiago Content Producer Joseph Rivera Content Producer,,/awards/luum_awards/2024/campaigns/car-parts-for-life-plaza-las-amaricas-mall-and-stefano-foundation-for-organ-donation-de-la-cruz-ogilvy-2024-6/
Luum Awards,2024,Gold,Essence of the Message - Diversity and inclusion - Internet-Social Media,Switch to Sign AkuPakaiBISINDO,i-dac Indonesia,Telkomsel,CCO Linda Mutiara Chasanah Creative Director Nia Nugroho Copywriter Lakky Ramadhani Art Director Angga Rahmanda Yessica Ade Account Lead Yulia Irma Rini Strategy Planning Isabella Reharta Producer Riri Usman Reynaldo Team Member Sri Bintang Darmawan-Andika Wendri-Nana Nurdiansyah-Daniel Doddy-Hafizhul Fadhli,,/awards/luum_awards/2024/campaigns/switch-to-sign-akupakaibisindo-telkomsel-i-dac-indonesia-2024/
Luum Awards,2024,Gold,Human Rights - Reducing Inequalities - Gender Equality,Unseen Goals,Joystick FIFCO,Imperial,Fernando Hidalgo Jose Cambronero Andrea Castro Paula AragA3n Vivian Mayorga Gabriel RamArez Jose Pablo Murillo FabiAn LorAa NicolAs Silva Mayron JimAnez,,/awards/luum_awards/2024/campaigns/unseen-goals-imperial-joystick-fifco-2024/
Luum Awards,2024,Gold,Essence of the Message - Equality - Internet-Social Media,Unseen Goals,Joystick FIFCO,Imperial,Fernando Hidalgo Jose Cambronero Andrea Castro Paula AragA3n Vivian Mayorga Gabriel RamArez Jose Pablo Murillo FabiAn LorAa NicolAs Silva Mayron JimAnez,,/awards/luum_awards/2024/campaigns/unseen-goals-imperial-joystick-fifco-2024-2/
Luum Awards,2024,Gold,Essence of the Message - Sporting values - Internet-Social Media,Unseen Goals,Joystick FIFCO,Imperial,Fernando Hidalgo Jose Cambronero Andrea Castro Paula AragA3n Vivian Mayorga Gabriel RamArez Jose Pablo Murillo FabiAn LorAa NicolAs Silva Mayron JimAnez,,/awards/luum_awards/2024/campaigns/unseen-goals-imperial-joystick-fifco-2024-3/
Luum Awards,2024,Gold,Essence of the Message - Sporting values - PR-CRM,Unseen Goals,Joystick FIFCO,Imperial,Fernando Hidalgo Jose Cambronero Andrea Castro Paula AragA3n Vivian Mayorga Gabriel RamArez Jose Pablo Murillo FabiAn LorAa NicolAs Silva Mayron JimAnez,,/awards/luum_awards/2024/campaigns/unseen-goals-imperial-joystick-fifco-2024-4/
Luum Awards,2024,Gold,Planet - Promoting Sustainable Cities and Communities,KubotaaTMs Turn Waste to AGRIwear,The Leo Burnett Group,KUBOTA,Prasert Vijitpawan CCO - Thiti Boonkerd Deputy ECD Nattapon Trungruang Senior Copywriter - Norawit Saratsamith Senior Copywriter Yosathorn Numbenjapol Account Management Director - Jirachada Buranathanasin Senior Account Manager - Phattanant Boonnak Account Manager Teerawat Kraiarb Senior Art Director - Pongpan Boonmak Art Director - Theetasak Dangrojana Creative Group Head - Ratee Ngarmniyom Creative Director,,/awards/luum_awards/2024/campaigns/kubotaatms-turn-waste-to-agriwear-kubota-the-leo-burnett-group-2024/
Luum Awards,2024,Gold,Planet - Climate Action,KubotaaTMs Turn Waste to AGRIwear,The Leo Burnett Group,KUBOTA,Prasert Vijitpawan CCO - Thiti Boonkerd Deputy ECD Nattapon Trungruang Senior Copywriter - Norawit Saratsamith Senior Copywriter Yosathorn Numbenjapol Account Management Director - Jirachada Buranathanasin Senior Account Manager - Phattanant Boonnak Account Manager Teerawat Kraiarb Senior Art Director - Pongpan Boonmak Art Director - Theetasak Dangrojana Creative Group Head - Ratee Ngarmniyom Creative Director,,/awards/luum_awards/2024/campaigns/kubotaatms-turn-waste-to-agriwear-kubota-the-leo-burnett-group-2024-2/
Luum Awards,2024,Gold,Essence of the Message - Civic Values - Outdoor,LA SOLEDAD NO SE VE SE SIENTE,Manifiesto,FundaciA3n La Caixa,Sebastian Sanchez Giraldo Adrian Bravo Andres Naudin David SanJuan David Diaz Amanda Bellart,,/awards/luum_awards/2024/campaigns/la-soledad-no-se-ve-se-siente-fundacia3n-la-caixa-manifiesto-2024/
Luum Awards,2024,Gold,Health Wellness - Mental Health Education Awareness - Outdoor,LA SOLEDAD NO SE VE SE SIENTE,Manifiesto,FundaciA3n La Caixa,Sebastian Sanchez Giraldo Adrian Bravo Andres Naudin David SanJuan David Diaz Amanda Bellart,,/awards/luum_awards/2024/campaigns/la-soledad-no-se-ve-se-siente-fundacia3n-la-caixa-manifiesto-2024-2/
Luum Awards,2024,Gold,Health Wellness - Health Wellness - Campaigns,La CampaAa Incompleta,Manifiesto,Manifiesto,Sebastian Sanchez Giraldo Fede Arce Oscar Moreno Chiqui Palomares Jesus Ovejero,,/awards/luum_awards/2024/campaigns/la-campaaa-incompleta-manifiesto-manifiesto-2024/
Luum Awards,2024,Gold,Essence of the Message - Solidarity - Internet-Social Media,SURVIVAL MANUALS,Publicidad Comercial Mullenlowe,manualesparasobrevivirorg,Orlando Alvarez,,/awards/luum_awards/2024/campaigns/survival-manuals-manualesparasobrevivirorg-publicidad-comercial-mullenlowe-2024/
Luum Awards,2024,Gold,Health Wellness - Mental Health Education Awareness - PR-CRM,SURVIVAL MANUALS,Publicidad Comercial Mullenlowe,manualesparasobrevivirorg,Orlando Alvarez,,/awards/luum_awards/2024/campaigns/survival-manuals-manualesparasobrevivirorg-publicidad-comercial-mullenlowe-2024-2/
Luum Awards,2024,Gold,Human Rights - Reducing Inequalities - Other Inequalities,Pride Verified,Publicitariasorg Ecuador,Publicitariasorg,Sussy Navia Rossi RodrAguez Luisiana Navia Francesca Zambrano Denisse AlarcA3n Camila DAvila Ilse Miranda Maite Spinelli BelAn Navia Astrid Valarezo Rafaela Esteves,,/awards/luum_awards/2024/campaigns/pride-verified-publicitariasorg-publicitariasorg-ecuador-2024/
Luum Awards,2024,Gold,Essence of the Message - Diversity and inclusion,Pride Verified,Publicitariasorg Ecuador,Publicitariasorg,Sussy Navia Rossi RodrAguez Luisiana Navia Francesca Zambrano Denisse AlarcA3n Camila DAvila Ilse Miranda Maite Spinelli BelAn Navia Astrid Valarezo Rafaela Esteves Melanie Tobal Julia Rayeb,,/awards/luum_awards/2024/campaigns/pride-verified-publicitariasorg-publicitariasorg-ecuador-2024-2/
Luum Awards,2024,Gold,Society - Art and Culture Development,Speechlist,TANK Worldwide,Speechlist,Marty Martinez Bernardo RodrAguez Pons Camilo MonzA3n Navas Jillian Mastroianni,,/awards/luum_awards/2024/campaigns/speechlist-speechlist-tank-worldwide-2024/
Luum Awards,2024,Gold,Human Rights - Anti-Discrimination,Speechlist,TANK Worldwide,Speechlist,Marty Martinez Bernardo RodrAguez Pons Camilo MonzA3n Navas Jillian Mastroianni,,/awards/luum_awards/2024/campaigns/speechlist-speechlist-tank-worldwide-2024-2/
Luum Awards,2024,Gold,Human Rights - Reducing Inequalities - Other Inequalities,Speechlist,TANK Worldwide,Speechlist,Marty Martinez Bernardo RodrAguez Pons Camilo MonzA3n Navas Jillian Mastroianni,,/awards/luum_awards/2024/campaigns/speechlist-speechlist-tank-worldwide-2024-3/
Luum Awards,2024,Gold,Institutional Communication,Speechlist,TANK Worldwide,Speechlist,Marty Martinez Bernardo RodrAguez Pons Camilo MonzA3n Navas Jillian Mastroianni,,/awards/luum_awards/2024/campaigns/speechlist-speechlist-tank-worldwide-2024-4/
Luum Awards,2024,Gold,Society - Stop Violence,CIEN,Tribeca Media,plazaVea,General Creative Director Lea Raggio Art Director Marlon Valencia - Copy Ernesto RioFrAo Account Manager Carolina Salazar,,/awards/luum_awards/2024/campaigns/cien-plazavea-tribeca-media-2024/
Luum Awards,2024,Gold,Society - Hunger,The Culinary Ranking For Good,Valor,Alicorp,Juan Pablo Peschiera Rodrigo Revoredo Eduardo Poppe,,/awards/luum_awards/2024/campaigns/the-culinary-ranking-for-good-alicorp-valor-2024/
Luum Awards,2024,Gold,Society - Poverty,The Culinary Ranking For Good,VALOR,Alicorp,Juan Pablo Peschiera Rodrigo Revoredo Eduardo Poppe,,/awards/luum_awards/2024/campaigns/the-culinary-ranking-for-good-alicorp-valor-2024-2/
Luum Awards,2024,Gold,Causes - Partnerships to Achieve Goals - PR-CRM,The Culinary Ranking For Good,Valor,Alicorp,Juan Pablo Peschiera Rodrigo Revoredo Eduardo Poppe,,/awards/luum_awards/2024/campaigns/the-culinary-ranking-for-good-alicorp-valor-2024-3/
Luum Awards,2024,Gold,Essence of the Message - Solidarity - PR-CRM,The Culinary Ranking For Good,Valor,Alicorp,Juan Pablo Peschiera Rodrigo Revoredo Eduardo Poppe,,/awards/luum_awards/2024/campaigns/the-culinary-ranking-for-good-alicorp-valor-2024-4/
Luum Awards,2024,Gold,Essence of the Message - Empowerment - PR-CRM,The Culinary Ranking For Good,VALOR,Alicorp,Juan Pablo Peschiera Rodrigo Revoredo Eduardo Poppe,,/awards/luum_awards/2024/campaigns/the-culinary-ranking-for-good-alicorp-valor-2024-5/
Luum Awards,2024,Gold,Planet - Planet - Campaigns,World Rainforest Day,X3M ideas,Nigerian Conservation Foundation,CCO Steve Babaeko - ECD Mike Miller - DCD Kelechi Uduma - DCD Oladunni Williams - HOA Samuel Oluwagbemi Copywriters Okikijesu Adeyeye Art Directors Peter Oyelami Godswill Cheche,,/awards/luum_awards/2024/campaigns/world-rainforest-day-nigerian-conservation-foundation-x3m-ideas-2024/
Luum Awards,2024,Silver,Causes - Fundraising Advocacy - Film,Te doy mi corazA3n,9 DAas,CBRE CC NerviA3n Plaza,,,/awards/luum_awards/2024/campaigns/te-doy-mi-coraza3n-cbre-cc-nervia3n-plaza-9-daas-2024/
Luum Awards,2024,Silver,Health Wellness - Organ Donation Education Awareness - Film,Te doy mi corazA3n,9 DAas,CBRE CC NerviA3n Plaza,,,/awards/luum_awards/2024/campaigns/te-doy-mi-coraza3n-cbre-cc-nervia3n-plaza-9-daas-2024-2/
Luum Awards,2024,Silver,Planet - Promoting Clean Water and Sanitation,Changing our habits,AG Partners Dakar,DAlAgation de laTMUnion europAenne au SAnAgal,,,/awards/luum_awards/2024/campaigns/changing-our-habits-dalagation-de-latmunion-europaenne-au-sanagal-ag-partners-dakar-2024/
Luum Awards,2024,Silver,Institutional Communication,Changing our habits,AG Partners Dakar,DAlAgation de laTMUnion europAenne au SAnAgal,,,/awards/luum_awards/2024/campaigns/changing-our-habits-dalagation-de-latmunion-europaenne-au-sanagal-ag-partners-dakar-2024-2/
Luum Awards,2024,Silver,Planet - Responsible Consumption and Production,Zero Waste Advertising a Find out the extraordinary in you,Agencia Sensei,Blue Whale,,,/awards/luum_awards/2024/campaigns/zero-waste-advertising-a-find-out-the-extraordinary-in-you-blue-whale-agencia-sensei-2024/
Luum Awards,2024,Silver,Planet - Planet - Campaigns,Noticias que no deben existir,AQM AGENCY,PerAo cero tecnopor,,,/awards/luum_awards/2024/campaigns/noticias-que-no-deben-existir-perao-cero-tecnopor-aqm-agency-2024/
Luum Awards,2024,Silver,Essence of the Message - Equality - Effectiveness,CA3digo Diabetes,Arteaga Arteaga,Sanofi,AnAbal E QuiAones Juan Carlos LA3pez Noel Cassanova Krystal Zapata Carlos Fillipetti,,/awards/luum_awards/2024/campaigns/ca3digo-diabetes-sanofi-arteaga-arteaga-2024/
Luum Awards,2024,Silver,Health Wellness - Health Wellness Education Awareness - Radio,Sing the News,BeautifulBeast,FundaciA3n CardiolA3gica Argentina,Flor Leibaschoff-Diego Duprat Thiago Magnini DamiAn Ivachinni-Flor Leibaschoff Victoria Acosta Leandro Aspis-Damian Minckas FAbrica de Canciones PapaMusic,,/awards/luum_awards/2024/campaigns/sing-the-news-fundacia3n-cardiola3gica-argentina-beautifulbeast-2024/
Luum Awards,2024,Silver,Health Wellness - Health Wellness Education Awareness - Radio,Foreign Announcer Radio Campaign,BeautifulBeast,Colon Cancer Coalition,Flor Leibaschoff-Diego Duprat Thiago Magnini-Lexi Harper Salma Gottfried-Victoria Acosta Victor MaciAs-Gio Locatelli Deaf Mule Studio,,/awards/luum_awards/2024/campaigns/foreign-announcer-radio-campaign-colon-cancer-coalition-beautifulbeast-2024/
Luum Awards,2024,Silver,Planet - Climate Action - Print,ACT NOW BEFORE IT MELTS,Boomerang,GREENPEACE,Samira RafiSophia Maazouz Mehdi Bouayad Kacihi Fettah,,/awards/luum_awards/2024/campaigns/act-now-before-it-melts-greenpeace-boomerang-2024/
Luum Awards,2024,Silver,Institutional Communication,Where are the women,Brandy Creativity Technology,INAMU - RET,Alan CalderA3n Natalia Segura SofAa Vega Juan Ignacio Jimenez,,/awards/luum_awards/2024/campaigns/where-are-the-women-inamu-ret-brandy-creativity-technology-2024/
Luum Awards,2024,Silver,Institutional Communication,Contratiempo-Setback,Buenosaires,FundaciA3n Dacer,Miguel Angel Rico Mercedes Bonet Miguel Silgado Carla Chaves,,/awards/luum_awards/2024/campaigns/contratiempo-setback-fundacia3n-dacer-buenosaires-2024/
Luum Awards,2024,Silver,Society - Prosperity and infrastructure,The Corruption Monuments Tour,Castillo de If,Helps International,Oscar H CastaAeda Oscar H CastaAeda Oscar H CastaAeda Luis Gutierrez - Joao Garcia - Charly Andrino - Leandro Loaiza,,/awards/luum_awards/2024/campaigns/the-corruption-monuments-tour-helps-international-castillo-de-if-2024/
Luum Awards,2024,Silver,Human Rights - Civism,The Corruption Monuments Tour,Castillo de If,Helps International,Oscar H CastaAeda Oscar H CastaAeda Oscar H CastaAeda Luis Gutierrez - Joao Garcia - Charly Andrino - Leandro Loaiza,,/awards/luum_awards/2024/campaigns/the-corruption-monuments-tour-helps-international-castillo-de-if-2024-2/
Luum Awards,2024,Silver,Planet - Protecting Underwater Life,IF NATURE COULD SPEAKa,Darwin Verne,LIBERA a An Ecoembes Project in collaboration with SEO-BirdLife,Carlos Sanz de Andino creative president Pablo Caraballo creative director Gonzalo Calvo creative director JesAos LA3pez Gerard Andreu Paco Reverte y Miguel Angel Campillejo Ivet Honorato Julia GarcAa Noelia Herrera Pablo Goldberg Eva PArez de LeA3n production Proyecto LIBERA de SEO BirdLife en ColaboraciA3n con Ecoembes Nieves Rey Directora de ComunicaciA3n y Marketing de Ecoembes Elena Lopez Gerente de ComunicaciA3n Corporativa Sara GA14emes Project Manager del Proyecto LIBERA Miriam Caba Responsable de Marketing Digital y Publicidad del Proyecto LIBERA Agencia colaboradora iProspect StoryLab Javier Morales Director de Servicios al cliente iProspect Jonathan FernAndez Account Director iProspect Ana Santa Creu Senior Brand Executive iProspect Ana MarAa LeganAs Planning Executive Junior iProspect Patricia Lara Senior Account Manager StoryLab Berta Roura Senior Account Manager StoryLab,,/awards/luum_awards/2024/campaigns/if-nature-could-speaka-libera-a-an-ecoembes-project-in-collaboration-with-seo-birdlife-darwin-verne-2024/
Luum Awards,2024,Silver,Causes - Partnerships to Achieve Goals - Internet-Social Media,IF NATURE COULD SPEAKa,Darwin Verne,LIBERA a An Ecoembes Project in collaboration with SEO-BirdLife,Carlos Sanz de Andino creative president Pablo Caraballo creative director Gonzalo Calvo creative directorJesAos LA3pez Gerard Andreu Paco Reverte y Miguel Angel Campillejo Ivet Honorato Julia GarcAa Noelia Herrera Pablo Goldberg Eva PArez de LeA3n production Proyecto LIBERA de SEO BirdLife en ColaboraciA3n con Ecoembes Nieves Rey Directora de ComunicaciA3n y Marketing de Ecoembes Elena Lopez Gerente de ComunicaciA3n Corporativa Sara GA14emes Project Manager del Proyecto LIBERA Miriam Caba Responsable de Marketing Digital y Publicidad del Proyecto LIBERA Agencia colaboradora iProspect StoryLab Javier Morales Director de Servicios al cliente iProspect Jonathan FernAndez Account Director iProspect Ana Santa Creu Senior Brand Executive iProspect Ana MarAa LeganAs Planning Executive Junior iProspect Patricia Lara Senior Account Manager StoryLab Berta Roura Senior Account Manager StoryLab,,/awards/luum_awards/2024/campaigns/if-nature-could-speaka-libera-a-an-ecoembes-project-in-collaboration-with-seo-birdlife-darwin-verne-2024-2/
Luum Awards,2024,Silver,Essence of the Message - Environmental respect,IF NATURE COULD SPEAKa,Darwin Verne,LIBERA a An Ecoembes Project in collaboration with SEO-BirdLife,Carlos Sanz de Andino creative president Pablo Caraballo creative director Gonzalo Calvo creative director JesAos LA3pez Gerard Andreu Paco Reverte y Miguel Angel Campillejo Ivet Honorato Julia GarcAa Noelia Herrera Pablo Goldberg Eva PArez de LeA3n production Proyecto LIBERA de SEO BirdLife en ColaboraciA3n con Ecoembes Nieves Rey Directora de ComunicaciA3n y Marketing de Ecoembes Elena Lopez Gerente de ComunicaciA3n Corporativa Sara GA14emes Project Manager del Proyecto LIBERA Miriam Caba Responsable de Marketing Digital y Publicidad del Proyecto LIBERA Agencia colaboradora iProspect StoryLab Javier Morales Director de Servicios al cliente iProspect Jonathan FernAndez Account Director iProspect Ana Santa Creu Senior Brand Executive iProspect Ana MarAa LeganAs Planning Executive Junior iProspect Patricia Lara Senior Account Manager StoryLab Berta Roura Senior Account Manager StoryLab,,/awards/luum_awards/2024/campaigns/if-nature-could-speaka-libera-a-an-ecoembes-project-in-collaboration-with-seo-birdlife-darwin-verne-2024-3/
Luum Awards,2024,Silver,Institutional Communication,IF NATURE COULD SPEAKa,Darwin Verne,LIBERA a An Ecoembes Project in collaboration with SEO-BirdLife,Noelia Herrera Pablo Goldberg Eva PArez de LeA3n production Proyecto LIBERA de SEO BirdLife en ColaboraciA3n con Ecoembes Nieves Rey Directora de ComunicaciA3n y Marketing de Ecoembes Elena Lopez Gerente de ComunicaciA3n Corporativa Sara GA14emes Project Manager del Proyecto LIBERA Miriam Caba Responsable de Marketing Digital y Publicidad del Proyecto LIBERA Agencia colaboradora iProspect StoryLab Javier Morales Director de Servicios al cliente iProspect Jonathan FernAndez Account Director iProspect Ana Santa Creu Senior Brand Executive iProspect Ana MarAa LeganAs Planning Executive Junior iProspect Patricia Lara Senior Account Manager StoryLab Berta Roura Senior Account Manager StoryLab,,/awards/luum_awards/2024/campaigns/if-nature-could-speaka-libera-a-an-ecoembes-project-in-collaboration-with-seo-birdlife-darwin-verne-2024-4/
Luum Awards,2024,Silver,Essence of the Message - Solidarity - Outdoor,Car Parts for Life,De La Cruz - Ogilvy,,SebastiAn Bullorini JosA Morales - Tanya de Jesus - Vicky ValdAs Heidi Vidal - Enrique GarcAa Thompson - Raquel Cordero Nanel RodrAguez Innovation Director Carmen DAaz Production Manager Carlos Escriva Editor Javier De Bourg Head of Art Sergio Tirado Content Producer Axel Santiago Content Producer Joseph Rivera Content Producer,,/awards/luum_awards/2024/campaigns/car-parts-for-life-de-la-cruz-ogilvy-2024/
Luum Awards,2024,Silver,Society - Hunger,Growing Hope,Digitas,Quaker,CarlosCharro Altamirano Alfredo Sifuentes Gabriel Martinez Luisa Morcos,,/awards/luum_awards/2024/campaigns/growing-hope-quaker-digitas-2024/
Luum Awards,2024,Silver,Society - Poverty,Growing Hope,Digitas,Quaker,CarlosCharro Altamirano Alfredo Sifuentes Gabriel Martinez Luisa Morcos,,/awards/luum_awards/2024/campaigns/growing-hope-quaker-digitas-2024-2/
Luum Awards,2024,Silver,Human Rights - Reducing Inequalities - Gender Equality,Hola soy HeinIA,Digitas,Heineken,CarlosCharro Altamirano Jason Vasquez Florencia Luna Eduardo Rojas Ruben Carbonell Luisa Morcos Raquel Becerra,,/awards/luum_awards/2024/campaigns/hola-soy-heinia-heineken-digitas-2024/
Luum Awards,2024,Silver,Essence of the Message - Sporting values - PR-CRM,Hola soy HeinIA,Digitas,Heineken,CarlosCharro Altamirano Jason Vasquez Florencia Luna Eduardo Rojas Ruben Carbonell Luisa Morcos Raquel Becerra,,/awards/luum_awards/2024/campaigns/hola-soy-heinia-heineken-digitas-2024-2/
Luum Awards,2024,Silver,Institutional Communication,SOS 72 hours to save lives,Ache,,,,/awards/luum_awards/2024/campaigns/sos-72-hours-to-save-lives-ache-2024/
Luum Awards,2024,Silver,Institutional Communication,Manicure Against Cancer,HouseDentsu,Fundamuro,Pablo Castillo Miri NuAez - Seilyn Campos Pablo Castillo KaijAo Creators,,/awards/luum_awards/2024/campaigns/manicure-against-cancer-fundamuro-housedentsu-2024/
Luum Awards,2024,Silver,Health Wellness - Health Wellness Education Awareness - PR-CRM,Manicure Against Cancer,HouseDentsu,Fundamuro,Pablo Castillo Miri NuAez - Seilyn Campos Pablo Castillo KaijAo Creators,,/awards/luum_awards/2024/campaigns/manicure-against-cancer-fundamuro-housedentsu-2024-2/
Luum Awards,2024,Silver,Human Rights - Reducing Inequalities - Other Inequalities,Switch to Sign AkuPakaiBISINDO,i-dac Indonesia,Telkomsel,CCO Linda Mutiara Chasanah Creative Director Nia Nugroho Copywriter Lakky Ramadhani Art Director Angga Rahmanda Yessica Ade Account Lead Yulia Irma Rini Strategy Planning Isabella Reharta Producer Riri Usman Reynaldo Team Member Sri Bintang Darmawan-Andika Wendri-Nana Nurdiansyah-Daniel Doddy-Hafizhul Fadhli,,/awards/luum_awards/2024/campaigns/switch-to-sign-akupakaibisindo-telkomsel-i-dac-indonesia-2024-2/
Luum Awards,2024,Silver,Health Wellness - Mental Health Education Awareness - Internet-Social Media,Talk Saves Life AlodokteraTMs Talking Banner to Save Life on World Mental Health Day,i-dac Indonesia,Alodokter,Creative Director Fahmi Rahmadiputra Copywriter Laurentius Erik Art Director Fahmi RahmadiputraCEO Fitri Rizayati - Euvine Winarni Group Head Mochamad Arif Strategy Planning Reza Pebrianto Producer Johan Christian Team Member Chrisna Dhayu - Anggi Pradita - Wina Sekar,,/awards/luum_awards/2024/campaigns/talk-saves-life-alodokteratms-talking-banner-to-save-life-on-world-mental-health-day-alodokter-i-dac-indonesia-2024/
Luum Awards,2024,Silver,Essence of the Message - Diversity and inclusion - Effectiveness,Valuable Women,Inbrax,CASA DE MONEDA DE CHILE CHILEAN GOVERNMENT MINT,Pancho GonzAlez CristiAn ChAvez Esteban Fuentes Mariana Quintana Diego Medina Carolina Pinheiro Gabriele Lotholz Mundy Alvarez Jean Carlo Venti,,/awards/luum_awards/2024/campaigns/valuable-women-casa-de-moneda-de-chile-chilean-government-mint-inbrax-2024/
Luum Awards,2024,Silver,Essence of the Message - Diversity and inclusion - Internet-Social Media,Valuable Women,Inbrax,CASA DE MONEDA DE CHILE CHILEAN GOVERNMENT MINT,Pancho GonzAlez CristiAn ChAvez Esteban Fuentes Mariana Quintana Diego Medina Carolina Pinheiro Gabriele Lotholz Mundy Alvarez Jean Carlo Venti,,/awards/luum_awards/2024/campaigns/valuable-women-casa-de-moneda-de-chile-chilean-government-mint-inbrax-2024-2/
Luum Awards,2024,Silver,Health Wellness - Health Wellness Education Awareness - Internet-Social Media,Unboxer of Prevention,Inbrax,FundaciA3n ChileSinCAncer,Pancho GonzAlez Danilo Vera Jean Carlo Venti Carolina Pinheiro Ricardo Alvarez,,/awards/luum_awards/2024/campaigns/unboxer-of-prevention-fundacia3n-chilesincancer-inbrax-2024/
Luum Awards,2024,Silver,Health Wellness - Health Wellness Education Awareness - Internet-Social Media,Unboxer of Prevention,Inbrax,FundaciA3n ChileSinCAncer,Pancho GonzAlez Danilo Vera Jean Carlo Venti Carolina Pinheiro Ricardo Alvarez,,/awards/luum_awards/2024/campaigns/unboxer-of-prevention-fundacia3n-chilesincancer-inbrax-2024-2/
Luum Awards,2024,Silver,Planet - Responsible Consumption and Production,KubotaaTMs Turn Waste to AGRIwear,The Leo Burnett Group,KUBOTA,Prasert Vijitpawan CCO - Thiti Boonkerd Deputy ECD Nattapon Trungruang Senior Copywriter - Norawit Saratsamith Senior Copywriter Yosathorn Numbenjapol Account Management Director - Jirachada Buranathanasin Senior Account Manager - Phattanant Boonnak Account Manager Teerawat Kraiarb Senior Art Director - Pongpan Boonmak Art Director - Theetasak Dangrojana Creative Group Head - Ratee Ngarmniyom Creative Director,,/awards/luum_awards/2024/campaigns/kubotaatms-turn-waste-to-agriwear-kubota-the-leo-burnett-group-2024-3/
Luum Awards,2024,Silver,Designs for a better world - Eco-friendly and Sustainable Advertising,KubotaaTMs Turn Waste to AGRIwear,The Leo Burnett Group,KUBOTA,Prasert Vijitpawan CCO - Thiti Boonkerd Deputy ECD Nattapon Trungruang Senior Copywriter - Norawit Saratsamith Senior Copywriter Yosathorn Numbenjapol Account Management Director - Jirachada Buranathanasin Senior Account Manager - Phattanant Boonnak Account Manager Teerawat Kraiarb Senior Art Director - Pongpan Boonmak Art Director - Theetasak Dangrojana Creative Group Head - Ratee Ngarmniyom Creative Director,,/awards/luum_awards/2024/campaigns/kubotaatms-turn-waste-to-agriwear-kubota-the-leo-burnett-group-2024-4/
Luum Awards,2024,Silver,Planet - Climate Action - Print,DESOLATION,Matix-,GREENPEACE,DGC Jimmy Landaburu Team Matix- Jaime Bernardo Gloria TufiAo Dir Cuentas Isabel Amaya,,/awards/luum_awards/2024/campaigns/desolation-greenpeace-matix-2024/
Luum Awards,2024,Silver,Human Rights - Reducing Inequalities - Gender Equality,LaCenaQueElegA The Dinner i ChoseLaCenaQueElegA The Dinner i Chose,Manifiesto,,,,/awards/luum_awards/2024/campaigns/lacenaqueelega-the-dinner-i-choselacenaqueelega-the-dinner-i-chose-manifiesto-2024/
Luum Awards,2024,Silver,Essence of the Message - Diversity and inclusion - Internet-Social Media,LaCenaQueElegA The Dinner i Chose,Manifiesto,,,,/awards/luum_awards/2024/campaigns/lacenaqueelega-the-dinner-i-chose-manifiesto-2024/
Luum Awards,2024,Silver,Society - Campaign against sexual exploitation and abuse,UNHAPPY MOTHERHOODS,McCann,UNFPA,Omar Polo Olenky Rosales Patricia GarcAa Othmell Rodriguez,,/awards/luum_awards/2024/campaigns/unhappy-motherhoods-unfpa-mccann-2024/
Luum Awards,2024,Silver,Society - Childhood - Stop Pedofilia,UNHAPPY MOTHERHOODS,McCann,UNFPA,Omar Polo Olenky Rosales Patricia GarcAa Othmell Rodriguez,,/awards/luum_awards/2024/campaigns/unhappy-motherhoods-unfpa-mccann-2024-2/
Luum Awards,2024,Silver,Human Rights - Family,UNHAPPY MOTHERHOODS,McCann,UNFPA,Omar Polo Olenky Rosales Patricia GarcAa Othmell Rodriguez,,/awards/luum_awards/2024/campaigns/unhappy-motherhoods-unfpa-mccann-2024-3/
Luum Awards,2024,Silver,Human Rights - Human Rights - Campaigns,Be less human,OlAstico,INTERNATIONAL AMNESTY,Miguel OrmeAo Roberto Benavides Diego Coloma Sheyla Grajales Gonzalo Maiz Angie Agurto Manu Chong,,/awards/luum_awards/2024/campaigns/be-less-human-international-amnesty-olastico-2024/
Luum Awards,2024,Silver,Institutional Communication,Be less human,OlAstico,INTERNATIONAL AMNESTY,Miguel OrmeAo Roberto Benavides Diego Coloma Sheyla Grajales Gonzalo Maiz Angie Agurto Manu Chong,,/awards/luum_awards/2024/campaigns/be-less-human-international-amnesty-olastico-2024-2/
Luum Awards,2024,Silver,Causes - Partnerships to Achieve Goals - Outdoor,UNCOMFORTABLE,Paradais DDB,UNIVERSIDAD CASA GRANDE,Creative President AgustAn Febres-Cordero CSO Chief Strategy Officer Ricardo Medina Chief Growth Officer MarAa JosA Pastor Executive Creative Director Lupas Celis Creative Direction Sergio Moraga Art Direction Gabriel Saavedra Daniella SAnchez Creative Copywriters Gabriela Cuenca Miguel Barreto Designer Gabriela Bastidas Account Director Ilse GarcAa Account Executives Paul Alvear Emely Valencia Strategic Planner Solange Romo Community Manager Ana Paula ChusAn Post Producer SebastiAn Villena Carlos Wong Field Production Cesar Knezevich Betty MorAn Creative Team Juan Pardo Gabriela ChavarrAa Paula MarAn Arianna Correia Carlos Wong AndrAs Vallejo Harving Serrano Olivia Kusijanovic Kharyme Simon Collaborative Agency PR Gran Idea Audiovisual Production Company La Canguilera CLIENTS Adriana Illingworth Melissa Santoro Jimena Babra Ernesto Noboa,,/awards/luum_awards/2024/campaigns/uncomfortable-universidad-casa-grande-paradais-ddb-2024/
Luum Awards,2024,Silver,Causes - Causes - Campaigns,UNCOMFORTABLE,Paradais DDB,UNIVERSIDAD CASA GRANDE,Creative President AgustAn Febres-Cordero CSO Chief Strategy Officer Ricardo Medina Chief Growth Officer MarAa JosA Pastor Executive Creative Director Lupas Celis Creative Direction Sergio Moraga Art Direction Gabriel Saavedra Daniella SAnchez Creative Copywriters Gabriela Cuenca Miguel Barreto Designer Gabriela Bastidas Account Director Ilse GarcAa Account Executives Paul Alvear Emely Valencia Strategic Planner Solange Romo Community Manager Ana Paula ChusAn Post Producer SebastiAn Villena Carlos Wong Field Production Cesar Knezevich Betty MorAn Creative Team Juan Pardo Gabriela ChavarrAa Paula MarAn Arianna Correia Carlos Wong AndrAs Vallejo Harving Serrano Olivia Kusijanovic Kharyme Simon Collaborative Agency PR Gran Idea Audiovisual Production Company La Canguilera CLIENTS Adriana Illingworth Melissa Santoro Jimena Babra Ernesto Noboa,,/awards/luum_awards/2024/campaigns/uncomfortable-universidad-casa-grande-paradais-ddb-2024-2/
Luum Awards,2024,Silver,Causes - Partnerships to Achieve Goals - PR-CRM,UNCOMFORTABLE,Paradais DDB,UNIVERSIDAD CASA GRANDE,Creative President AgustAn Febres-Cordero CSO Chief Strategy Officer Ricardo Medina Chief Growth Officer MarAa JosA Pastor Executive Creative Director Lupas Celis Creative Direction Sergio Moraga Art Direction Gabriel Saavedra Daniella SAnchez Creative Copywriters Gabriela Cuenca Miguel Barreto Designer Gabriela Bastidas Account Director Ilse GarcAa Account Executives Paul Alvear Emely Valencia Strategic Planner Solange Romo Community Manager Ana Paula ChusAn Post Producer SebastiAn Villena Carlos Wong Field Production Cesar Knezevich Betty MorAn Creative Team Juan Pardo Gabriela ChavarrAa Paula MarAn Arianna Correia Carlos Wong AndrAs Vallejo Harving Serrano Olivia Kusijanovic Kharyme Simon Collaborative Agency PR Gran Idea Audiovisual Production Company La Canguilera CLIENTS Adriana Illingworth Melissa Santoro Jimena Babra Ernesto Noboa,,/awards/luum_awards/2024/campaigns/uncomfortable-universidad-casa-grande-paradais-ddb-2024-3/
Luum Awards,2024,Silver,Health Wellness - Health Wellness - Campaigns,Sleep Stunner,Redbin Philippines,SleepMD,Chief Creative Director Ben Berdin Creative Director Rose Pantoja-Beldia Associate Creative Director RJ Espartinez Copywriter RJ Espartinez Jr Art Director Coleen Madera Richard Nicolas Sr Art Director Kim Salonga Account Manager Patricia Candaza General Manager Jam Loresto Project Manager Jie Lim Digital Marketing Manager Tony Tuason Community Manager Allyssa Marie SemaAa Digital Campaign Manager Nori Isturis,,/awards/luum_awards/2024/campaigns/sleep-stunner-sleepmd-redbin-philippines-2024/
Luum Awards,2024,Silver,Health Wellness - Health Wellness Education Awareness - Internet-Social Media,Sleep Stunner,Redbin Philippines,SleepMD,Chief Creative Director Ben Berdin Creative Director Rose Pantoja-Beldia Associate Creative Director RJ Espartinez Copywriter RJ Espartinez Jr Art Director Coleen Madera Richard Nicolas Sr Art Director Kim Salonga Account Manager Patricia Candaza General Manager Jam Loresto Project Manager Jie Lim Digital Marketing Manager Tony Tuason Community Manager Allyssa Marie SemaAa Digital Campaign Manager Nori Isturis,,/awards/luum_awards/2024/campaigns/sleep-stunner-sleepmd-redbin-philippines-2024-2/
Luum Awards,2024,Silver,Causes - Partnerships to Achieve Goals - Film,30 Seconds To Fight Vaping30 Seconds To Fight Vaping,Republika Independiente,RENATA National Anti-Tobacco Network,,,/awards/luum_awards/2024/campaigns/30-seconds-to-fight-vaping30-seconds-to-fight-vaping-renata-national-anti-tobacco-network-republika-independiente-2024/
Luum Awards,2024,Silver,Human Rights - Family,Invisible,Shernan Creative Collective,Provincial Council of Guipuzcoa,,,/awards/luum_awards/2024/campaigns/invisible-provincial-council-of-guipuzcoa-shernan-creative-collective-2024/
Luum Awards,2024,Silver,Causes - Fundraising Advocacy - Internet-Social Media,Speechlist,TANK Worldwide,Speechlist,Marty Martinez Bernardo RodrAguez Pons Camilo MonzA3n Navas Jillian Mastroianni,,/awards/luum_awards/2024/campaigns/speechlist-speechlist-tank-worldwide-2024-5/
Luum Awards,2024,Silver,Essence of the Message - Sporting values - Film,Hear whataTMs not being said,The Amazing Society,The Swedish Equestrian Federation,Sara WikstrAm Matilda Hansson Carin Taxing Lisa Millberg Nathanelle Andersson Erika Savander Alexandra Borg,,/awards/luum_awards/2024/campaigns/hear-whatatms-not-being-said-the-swedish-equestrian-federation-the-amazing-society-2024/
Luum Awards,2024,Silver,Planet - Climate Action,ARTBIENTALISM,The 3Hundred Agency,,,,/awards/luum_awards/2024/campaigns/artbientalism-the-3hundred-agency-2024/
Luum Awards,2024,Silver,Planet - Promoting Clean Water and Sanitation,Everglades Stories from Across the Watershed,The Everglades Foundation,The Everglades Foundation,Direction and Production Director of Communications for The Everglades Foundation - BegoAe Cazalis Video Production Specialist for The Everglades Foundation - Javier Lozada Producer-Engineer Heavy Air Media - Javier Carrion Assistant Production Digital Marketing Coordinator for The Everglades Foundation - Kim Gooch Webmaster Production and Content Creation Heavy Air Media - Stephanie Tiangco,,/awards/luum_awards/2024/campaigns/everglades-stories-from-across-the-watershed-the-everglades-foundation-the-everglades-foundation-2024/
Luum Awards,2024,Silver,Causes - Causes - Campaigns,CIEN,Tribeca Media,plazaVea,General Creative Director Lea Raggio Art Director Marlon Valencia -Copy Ernesto RioFrAo Carolina Salazar Casetera,,/awards/luum_awards/2024/campaigns/cien-plazavea-tribeca-media-2024-2/
Luum Awards,2024,Silver,Essence of the Message - Solidarity - Internet-Social Media,CIEN,Tribeca Media,plazaVea,General Creative Director Lea Raggio Art Director Marlon Valencia - Copy Ernesto RioFrAo Carolina Salazar Casetera,,/awards/luum_awards/2024/campaigns/cien-plazavea-tribeca-media-2024-3/
Luum Awards,2024,Silver,Health Wellness - Health Wellness Education Awareness - Print,Not a lonely journey a Travel Guide Collection for SMA Patients,VML HEALTH,SMA Awareness,Fabio De Vecchi Sonia Cosentino Agnes Mastikian Joanna Rechul Gabriele Silvagni Managing Director,,/awards/luum_awards/2024/campaigns/not-a-lonely-journey-a-travel-guide-collection-for-sma-patients-sma-awareness-vml-health-2024/
Luum Awards,2024,Silver,Health Wellness - Alcoholism Tobbaco addictions and substances use disorders,DonaTMt Burn Their Future,X3M ideas,FCCPC,CCO Steve Babaeko - ECD Mike Miller - DCD Kelechi Uduma - DCD Sam Oluwagbemi Temitope Ayeni - Vivian Nwadike,,/awards/luum_awards/2024/campaigns/donatmt-burn-their-future-fccpc-x3m-ideas-2024/
Luum Awards,2024,Silver,Institutional Communication,HEROES OF LIFE,Nexa Brand,HOSPITAL SAO JOSA,,,/awards/luum_awards/2024/campaigns/heroes-of-life-hospital-sao-josa-nexa-brand-2024/
Luum Awards,2024,Silver,Designs for a better world - Design Solutions for a Better World,The Game of change a End Child Marriage,MAAD McCANN,UNICEF,,,/awards/luum_awards/2024/campaigns/the-game-of-change-a-end-child-marriage-unicef-maad-mccann-2024/
Luum Awards,2024,Shortlist,Designs for a better world - Design Solutions for a Better World Outdoor,Fishing For Data,Havas - Publicis Worldwide,Bank BNP Paribas,RafaA RyA Creative Director Havas Poland Dagmara Witek-KuAmider Chief Creative Officer at Publicis Worldwide Poland Dominika HaAas Senior Art Director Natalia Milewska Senior Copywriter Havas Poland Tomasz ZiemiaAski Associate Creative Director Bartosz Jeglejewski Groupe Head Publicis Worldwide Poland Monika BrzeziAska Groupe Account Director Havas Poland Anna KubeA Integrated Communication Supervisor Publicis Worldwide Poland,,/awards/luum_awards/2024/campaigns/fishing-for-data-bank-bnp-paribas-havas-publicis-worldwide-2024/
Luum Awards,2024,Shortlist,Society - Childhood - Child Rights Education and Awareness,The Graduate,180 Heartbeats,Zwolnieni z Teorii,Adam SmereczyAski Aleksander Frydrych Emila BAaszczak Martyna Walkowiak,,/awards/luum_awards/2024/campaigns/the-graduate-zwolnieni-z-teorii-180-heartbeats-2024/
Luum Awards,2024,Shortlist,Health Wellness - Health Wellness Education Awareness - Film,To Live With No Fear,Havas Creative,FundaciA3n MD Anderson Cancer Center EspaAa,Nacho Soria Ana Pozuelo - Sandra Preciados,,/awards/luum_awards/2024/campaigns/to-live-with-no-fear-fundacia3n-md-anderson-cancer-center-espaaa-havas-creative-2024/
Luum Awards,2024,Shortlist,Essence of the Message - Respect for Animal Rights,Tracks of Extinction,proof,Mineral Water Velingrad,Angel Iskrev Zhivko Bozdanski Copywriter Emanuela Belovarski Head of Art Ilian Iliev Art Director Sanya Stefanova David Kirilov Designer Propaganda PR partner Savina Dimova-Palikareva Marketing Manager-Cleint-Side,,/awards/luum_awards/2024/campaigns/tracks-of-extinction-mineral-water-velingrad-proof-2024/
Luum Awards,2024,Shortlist,Essence of the Message - Diversity and inclusion - Film,FanAticos de lo Real,Omnicom Public Relations Group,Burger King,Andrea Mejorada Head of Corporate Communications Restaurant Brands Iberia Paula BarrabAs Corporate Communications Restaurant Brands Iberia,,/awards/luum_awards/2024/campaigns/fanaticos-de-lo-real-burger-king-omnicom-public-relations-group-2024/
